{
    "worldedit.expand.description.vert": "Seçimi dünya limitine kadar dikey genişletir.",
    "worldedit.expand.expanded": "Bölge {0} blok genişletildi",
    "worldedit.expand.expanded.vert": "Bölge {0} blok genişletildi (yukarıdan-aşağıya).",
    "worldedit.biomeinfo.lineofsight": "Görüş hattındaki biyomlar: {0}",
    "worldedit.biomeinfo.position": "Pozisyonundaki biyomlar: {0}",
    "worldedit.biomeinfo.selection": "Seçimindeki biyomlar: {0}",
    "worldedit.brush.radius-too-large": "İzin verilen maksimum fırça yarıçapı: {0}",
    "worldedit.brush.apply.description": "Uygulama fırçası, her bloğa bir fonksiyon uygulayın",
    "worldedit.brush.apply.radius": "Fırçanın boyutu",
    "worldedit.brush.apply.shape": "Bölgenin şekli",
    "worldedit.brush.apply.type": "Kullanılacak fırçanın türü",
    "worldedit.brush.apply.item.warning": "Bu fırça, öğe kullanımını simüle eder. Etkileri bütün platformlarda çalışmayabilir, geri alınabilir olmayabilir ve diğer modlarla/eklentilerle garip etkileşimlere sebep olabilir. Kendi bilincinizde kullanın.",
    "worldedit.brush.paint.description": "Boyama fırçası, bir yüzeye bir fonksiyon uygulayın",
    "worldedit.brush.paint.size": "Fırçanın boyutu",
    "worldedit.brush.paint.shape": "Bölgenin şekli",
    "worldedit.brush.paint.density": "Fırçanın yoğunluğu",
    "worldedit.brush.paint.type": "Kullanılacak fırçanın türü",
    "worldedit.brush.paint.item.warning": "Bu fırça, öğe kullanımını simüle eder. Etkileri bütün platformlarda çalışmayabilir, geri alınabilir olmayabilir ve diğer modlarla/eklentilerle garip etkileşimlere sebep olabilir. Kendi bilincinizde kullanın.",
    "worldedit.brush.sphere.equip": "Küre fırça şekli etkin ({0}).",
    "worldedit.brush.cylinder.equip": "Silinder fırça şekli etkin ({1} tarafından {0}).",
    "worldedit.brush.clipboard.equip": "Pano fırça şekli etkin.",
    "worldedit.brush.smooth.equip": "Düzgün fırça etkin ({2} kullanarak {0} x {1}x).",
    "worldedit.brush.extinguish.equip": "Söndürücü etkin ({0}).",
    "worldedit.brush.gravity.equip": "Yerçekimi fırçası etkin ({0}).",
    "worldedit.brush.butcher.equip": "Kasap fırçası etkin ({0}).",
    "worldedit.brush.operation.equip": "Fırçayı {0} olarak ayarla.",
    "worldedit.brush.none.equip": "Fırçanın şimdiki öğenle bağlantısı koparıldı.",
    "worldedit.drawsel.disabled": "Sunucu CUI kapatıldı.",
    "worldedit.drawsel.enabled": "Sunucu CUI açıldı. Bu sadece maksimum 32x32x32 boyutuyla kübik bölgeleri destekler.",
    "worldedit.drawsel.disabled.already": "Sunucu CUI çoktan kapalı.",
    "worldedit.drawsel.enabled.already": "Sunucu CUI çoktan açık.",
    "worldedit.limit.too-high": "İzin verilebilecek maksimum limitin {0}.",
    "worldedit.limit.set": "Blok değiştirme limiti {0} olarak ayarlandı.",
    "worldedit.limit.return-to-default": "(Varsayılana dönmek için //limit komudunu kullanın.)",
    "worldedit.timeout.too-high": "İzin verilebilecek maksimum zaman aşımı süren {0}ms.",
    "worldedit.timeout.return-to-default": " (Varsayılana dönmek için //timeout komudunu kullanın.)",
    "worldedit.fast.disabled": "Hızlı mod kapatıldı.",
    "worldedit.fast.enabled": "Hızlı mod açıldı. Etkilenen parçalardaki aydınlatma yanlış olabilir ve/veya değişiklikleri görmek için yeniden katılmanız gerekebilir.",
    "worldedit.fast.disabled.already": "Hızlı mod çoktan kapatıldı.",
    "worldedit.fast.enabled.already": "Hızlı mod çoktan açıldı.",
    "worldedit.reorder.current": "Yeniden sıralama modu {0}",
    "worldedit.reorder.set": "Yeniden sıralama modu artık {0}",
    "worldedit.gmask.disabled": "Global maske kapalı.",
    "worldedit.gmask.set": "Global maske ayarlandı.",
    "worldedit.toggleplace.pos1": "Şimdi pos #1'e koyuluyor.",
    "worldedit.toggleplace.player": "Şimdi durduğunuz bloğa koyuluyor.",
    "worldedit.searchitem.too-short": "Daha uzun arama dizisi gir (len > 2).",
    "worldedit.searchitem.either-b-or-i": "Aynı anda hem 'b' hem de 'i' etiketini kullanamazsın.",
    "worldedit.searchitem.searching": "(Lütfen bekle... öğeler aranıyor.)",
    "worldedit.watchdog.no-hook": "Bu platformda bekçi bağlantısı yok.",
    "worldedit.watchdog.active.already": "Bekçi bağlantısı çoktan aktif.",
    "worldedit.watchdog.inactive.already": "Bekçi bağlantısı çoktan kapalı.",
    "worldedit.watchdog.active": "Bekçi bağlantısı şimdi aktif.",
    "worldedit.watchdog.inactive": "Bekçi bağlantısı şimdi kapalı.",
    "worldedit.world.remove": "Dünya override'ı kaldırıldı.",
    "worldedit.world.set": "Dünya override'ı {0} olarak ayarlandı. (Varsayılana dönmek için //world komudunu kullanın)",
    "worldedit.undo.undone": "{0} mevcut hareket geri yapıldı.",
    "worldedit.undo.none": "Geri alınacak bir şey kalmadı.",
    "worldedit.redo.redone": "{0} mevcut hareket yeniden yapıldı.",
    "worldedit.redo.none": "Yeniden yapılacak bir şey kalmadı.",
    "worldedit.clearhistory.cleared": "Geçmiş temizlendi.",
    "worldedit.raytrace.noblock": "Görünürde blok yok!",
    "worldedit.restore.not-configured": "Denem sürümü/yedek onarımı yapılandırılmamış.",
    "worldedit.restore.not-available": "Bu deneme sürümü yok veya mevcut değil.",
    "worldedit.restore.failed": "Deneme sürümü yüklenemedi: {0}",
    "worldedit.restore.loaded": "'{0}' deneme sürümü yüklendi; şimdi onarılıyor...",
    "worldedit.restore.restored": "{0} eksik chunk ve {1} diğer hatalar onarıldı.",
    "worldedit.restore.none-for-specific-world": "'{0}' dünyası için deneme sürümü bulunamadı.",
    "worldedit.restore.none-for-world": "Bu dünya için deneme sürümü bulunamadı.",
    "worldedit.restore.none-found": "Deneme sürümü bulunamadı.",
    "worldedit.restore.none-found-console": "Deneme sürümü bulunamadı. Detaylar için konsola bakın.",
    "worldedit.restore.chunk-not-present": "Deneme sürümünde chunklar mevcut değil.",
    "worldedit.restore.chunk-load-failed": "Chunklar yüklenemedi. (Kötü arşiv?)",
    "worldedit.restore.block-place-failed": "Hatalar, herhangi bir bloğun geri yüklenmesini engelledi.",
    "worldedit.restore.block-place-error": "Son hata: {0}",
    "worldedit.snapshot.use.newest": "Şimdi e yeni deneme sürümü kullanılıyor.",
    "worldedit.snapshot.use": "Deneme sürümü ayarlandı: {0}",
    "worldedit.snapshot.none-before": "{0} deneme sürümünden önce bir deneme sürümü bulunamadı.",
    "worldedit.snapshot.none-after": "{0} deneme sürümünden sonra bir deneme sürüm bulunamadı.",
    "worldedit.snapshot.index-above-0": "Geçersiz dizin, 1'den büyük veya eşit olmalı.",
    "worldedit.snapshot.index-oob": "Geçersiz dizin, 1 ile {0} arasında olmalı.",
    "worldedit.schematic.unknown-format": "Bilinmeyen şematik formatı: {0}.",
    "worldedit.schematic.load.does-not-exist": "{0} şematiği yok!",
    "worldedit.schematic.load.loading": "(Lütfen bekle... şematik yükleniyor.)",
    "worldedit.schematic.save.already-exists": "Bu şematik çoktan var. Üzerine yazmak için -f etiketi kullanın.",
    "worldedit.schematic.save.failed-directory": "Şematikler için klasör oluşturulamıyor!",
    "worldedit.schematic.save.saving": "(Lütfen bekle... şematik kaydediliyor.)",
    "worldedit.schematic.delete.does-not-exist": "{0} şematiği yok!",
    "worldedit.schematic.delete.failed": "{0} şematiğinin silinmesi başarısız oldu! Salt okunur mu?",
    "worldedit.schematic.delete.deleted": "{0} şematiği silindi.",
    "worldedit.schematic.formats.title": "Mevcut pano formatları (İsim: Arama adları)",
    "worldedit.pos.already-set": "Pozisyon çoktan ayarlandı.",
    "worldedit.pos.console-require-coords": "Bir konsol olarak koordinatları sağlamalısınız.",
    "worldedit.hpos.no-block": "Görünürde blok yok!",
    "worldedit.hpos.already-set": "Pozisyon çoktan ayarlandı.",
    "worldedit.chunk.selected-multiple": "Seçilen chunklar: ({0}, {1}, {2}) - ({3}, {4}, {5})",
    "worldedit.wand.invalid": "Asa öğesi yanlış yapılandırılmış veya devre dışı.",
    "worldedit.wand.selwand.info": "Sol tıkla: pos #1 seç; Sağ tıkla: pos #2 seç",
    "worldedit.wand.navwand.info": "Sol tıkla: lokasyona zıpla; Sağ tıkla: duvarların içinden geç",
    "worldedit.shift.shifted": "Bölge değişti.",
    "worldedit.size.type": "Tür: {0}",
    "worldedit.size.size": "Boyut: {0}",
    "worldedit.size.distance": "Kübik mesafesi: {0}",
    "worldedit.count.counted": "Sayıldı: {0}",
    "worldedit.distr.no-blocks": "Blok sayılmadı.",
    "worldedit.distr.total": "Toplam Blok Sayısı: {0}",
    "worldedit.select.cleared": "Seçim temizlendi.",
    "worldedit.select.cuboid.message": "Kübik: 1. nokta için sol tıkla, 2. nokta için sağ tıkla",
    "worldedit.select.cuboid.description": "Bir kübiğin iki köşesini seç",
    "worldedit.select.extend.message": "Kübik: bir başlama noktası için sol tıkla, uzatmak için sağ tıklayın",
    "worldedit.select.extend.description": "Hızlı kübid seçim modu",
    "worldedit.select.poly.message": "2B çokgen seçici: Bir nokta eklemek için sol/sağ tıklayın.",
    "worldedit.select.poly.limit-message": "Maksimum {0} puan.",
    "worldedit.select.poly.description": "Yükseklikli 2B bir çokgen seçin",
    "worldedit.select.ellipsoid.message": "Elipsoit seçici: sol tıkla=merkez, uzatmak için sağ tıkla",
    "worldedit.select.ellipsoid.description": "Bir elipsoit seç",
    "worldedit.select.sphere.message": "Küre seçici: sol tıkla=merkez, yarıçap ayarlamak için sağ tıkla",
    "worldedit.select.sphere.description": "Bir küre seç",
    "worldedit.select.cyl.message": "Silindirik seçici: Sol tıkla=merkez, uzatmak için sağ tıkla",
    "worldedit.select.cyl.description": "Bir silindir seç",
    "worldedit.select.convex.message": "Dış bükey çok yüzlü seçici: Sol tık:İlk köşe, daha fazla eklemek için sağ tıkla.",
    "worldedit.select.convex.limit-message": "Maksimum {0} puan.",
    "worldedit.select.convex.description": "Bir dış bükey öok yüzlü seçin",
    "worldedit.select.default-set": "Artık varsayılan bölge seçicin {0}.",
    "worldedit.chunkinfo.chunk": "Chunk: {0}, {1}",
    "worldedit.chunkinfo.old-filename": "Eski format: {0}",
    "worldedit.drain.drained": "{0} blok kurutuldu.",
    "worldedit.fill.created": "{0} blok dolduruldu.",
    "worldedit.fillr.created": "{0} blok dolduruldu.",
    "worldedit.fixlava.fixed": "{0} blok düzeltildi.",
    "worldedit.fixwater.fixed": "{0} blok düzeltildi.",
    "worldedit.removeabove.removed": "{0} blok kaldırıldı.",
    "worldedit.removebelow.removed": "{0} blok kaldırıldı.",
    "worldedit.removenear.removed": "{0} blok kaldırıldı.",
    "worldedit.replacenear.replaced": "{0} blok yeniden yerleştirildi.",
    "worldedit.snow.created": "{0} yüzey kaplandı.",
    "worldedit.thaw.removed": "{0} blok çözüldü.",
    "worldedit.green.changed": "{0} blok yeşillendirildi.",
    "worldedit.extinguish.removed": "{0} ateş söndürüldü.",
    "worldedit.butcher.killed": "{1} yarıçapında {0} canlı öldürüldü.",
    "worldedit.butcher.explain-all": "Yüklü chunklardaki tüm mobları kaldırmak için -1 ifadesini kullanın",
    "worldedit.remove.removed": "Kaldırılma için {0} varlık işaretlendi.",
    "worldedit.remove.explain-all": "Yüklü chunklardaki tüm varlıkları kaldırmak için -1 ifadesini kullanın",
    "worldedit.calc.invalid": "'{0}' geçerli bir ifade olarak ayrıştırılamadı",
    "worldedit.paste.pasted": "Pano {0}'a yapıştırıldı",
    "worldedit.paste.selected": "Pano yapıştırılma bölgesi seçildi.",
    "worldedit.rotate.no-interpolation": "Not: İnterpolasyon henüz desteklenmemektedir, bu nedenle 90'ın katları olan açılar önerilir.",
    "worldedit.rotate.rotated": "Pano kopyası döndürüldü.",
    "worldedit.flip.flipped": "Pano kopyası çevrildi.",
    "worldedit.clearclipboard.cleared": "Pano temizlendi.",
    "worldedit.set.done": "Operasyon tamamlandı.",
    "worldedit.set.done.verbose": "Operasyon tamamlandı ({0}).",
    "worldedit.line.changed": "{0} blok değiştirildi.",
    "worldedit.line.invalid-type": "//line sadece kübik veya dışbükey çok yüzlü seçimlerde çalışır",
    "worldedit.curve.changed": "{0} blok değiştirildi.",
    "worldedit.curve.invalid-type": "//curve sadece dışbükey çok yüzlü seçimlerde çalışır",
    "worldedit.replace.replaced": "{0} blok yeniden yerleştirildi.",
    "worldedit.stack.changed": "{0} blok değiştirildi. //undo ile geri al",
    "worldedit.regen.regenerated": "Bölge yenilendi.",
    "worldedit.regen.failed": "Chunklar yeniden oluşturulamıyor. Detaylar için konsolu kontrol edin.",
    "worldedit.walls.changed": "{0} blok değiştirildi.",
    "worldedit.faces.changed": "{0} blok değiştirildi.",
    "worldedit.overlay.overlaid": "{0} blok kaplandı.",
    "worldedit.naturalize.naturalized": "{0} bloğun daha doğal gözükmesi sağlandı.",
    "worldedit.center.changed": "Merkez ayarlandı. ({0} blok değişti)",
    "worldedit.smooth.changed": "Arazinin yükseklik haritası düzleştirildi. {0} blok değiştirildi.",
    "worldedit.move.moved": "{0} blok taşındı.",
    "worldedit.deform.deformed": "{0} blok yeniden deforme edildi.",
    "worldedit.hollow.changed": "{0} blok değiştirildi.",
    "worldedit.forest.created": "{0} ağaç oluşturuldu.",
    "worldedit.flora.created": "{0} bitki örtüsü oluşturuldu.",
    "worldedit.unstuck.moved": "İşte böyle!",
    "worldedit.ascend.obstructed": "Yukarıda boş yer bulunamadı.",
    "worldedit.ascend.moved": "{0} seviye yükseltildi.",
    "worldedit.descend.obstructed": "Altında boş yer bulunamadı.",
    "worldedit.descend.moved": "{0} seviye alçaltıldı.",
    "worldedit.ceil.obstructed": "Yukarıda boş yer bulunamadı.",
    "worldedit.ceil.moved": "Woosh!",
    "worldedit.thru.obstructed": "Önünde boş yer bulunamadı.",
    "worldedit.thru.moved": "Woosh!",
    "worldedit.jumpto.moved": "Puf!",
    "worldedit.jumpto.none": "Görünürde blok yok (veya çok uzakta)!",
    "worldedit.up.moved": "Woosh!",
    "worldedit.cyl.invalid-radius": "1 veya 2 yarıçap değeri belirtmelisin.",
    "worldedit.cyl.created": "{0} blok oluşturuldu.",
    "worldedit.sphere.invalid-radius": "1 veya 3 yarıçap değeri belirtmelisin.",
    "worldedit.sphere.created": "{0} blok oluşturuldu.",
    "worldedit.forestgen.created": "{0} ağaç oluşturuldu.",
    "worldedit.pumpkins.created": "{0} balkabağı parçası oluşturuldu.",
    "worldedit.pyramid.created": "{0} blok oluşturuldu.",
    "worldedit.generate.created": "{0} blok oluşturuldu.",
    "worldedit.reload.config": "Yapılandırma yeniden yüklendi!",
    "worldedit.report.written": "WorldEdit raporu {0}'a yazıldı",
    "worldedit.report.error": "Rapor yazılamadı: {0}",
    "worldedit.report.callback": "WorldEdit raporu: {0}.report",
    "worldedit.timezone.invalid": "Geçersiz saat dilimi",
    "worldedit.timezone.set": "Bu oturum için ayarlanan saat dilimi: {0}",
    "worldedit.timezone.current": "O saat dilimindeki geçerli saat: {0}",
    "worldedit.version.version": "WorldEdit versiyonu {0}",
    "worldedit.version.bukkit.unsupported-adapter": "WorldEdit versiyonu Bukkit sürümünü tamamen desteklemiyor. Block varlıklar (örn. sandıklar) boş olacak, blok özellikleri (örn. rotasyon) eksik olacak, ve diğer şeyler çalışmayabilir. Bu işlevselliği onarmak için WorldEdit'i güncelleyin:\n{0}",
    "worldedit.command.permissions": "Bu yapmaya iznin yok. Doğru modda mısın?",
    "worldedit.command.player-only": "Komut bir oyuncu ile kullanılmalı.",
    "worldedit.command.error.report": "Lütfen bu hatayı bildirin: [Konsola bakın]",
    "worldedit.pastebin.uploading": "(Lütfen bekle... çıkış pastebin'e gönderiliyor...)",
    "worldedit.session.cant-find-session": "{0} için oturum bulunamadı",
    "worldedit.platform.no-file-dialog": "Dosya diyalogları çevrende desteklenmiyor.",
    "worldedit.asset.load.failed": "Varlık yüklenemedi",
    "worldedit.tool.max-block-changes": "Maks blok değiştirme limitine ulaşıldı.",
    "worldedit.tool.no-block": "Görünürde blok yok!",
    "worldedit.tool.repl.equip": "Blok yeniden yerleştirme aleti {0} öğesine bağlandı.",
    "worldedit.tool.repl.switched": "Yeniden yerleştirme aleti şuna değiştirildi: {0}",
    "worldedit.tool.data-cycler.equip": "Block veri dögüleyicisi aleti {0} öğesine bağlandı.",
    "worldedit.tool.data-cycler.block-not-permitted": "Bu bloğun veri değerini döngülemeye iznin yok.",
    "worldedit.tool.data-cycler.cant-cycle": "Bu bloğun verisi döngülenemez!",
    "worldedit.tool.data-cycler.new-value": "{0}'in değeri şimdi {1}.",
    "worldedit.tool.data-cycler.cycling": "Şimdi {0} dögüleniyor.",
    "worldedit.tool.deltree.equip": "Uçan ağaç kaldırıcı aleti {0} öğesine bağlandı.",
    "worldedit.tool.deltree.not-tree": "Bu bir ağaç değil.",
    "worldedit.tool.deltree.not-floating": "Bu uçan bir ağaç değil.",
    "worldedit.tool.tree.equip": "Ağaç aleti {0} öğesine bağlandı.",
    "worldedit.tool.tree.obstructed": "Bir ağaç oraya gidemez.",
    "worldedit.tool.info.blockstate.hover": "Blok durumu",
    "worldedit.tool.superpickaxe.enabled.already": "Süper kazma zaten aktif.",
    "worldedit.tool.superpickaxe.disabled.already": "Süper kazma zaten devre dışı.",
    "worldedit.tool.superpickaxe.enabled": "Süper kazma aktif edildi.",
    "worldedit.tool.superpickaxe.disabled": "Süper kazma  devre dışı bırakıldı."
}
