{
  "Fixes": {
    "elytraFix": true,
    "macHorizontalScroll": false,
    "ravagerClientBlockBreakFix": true
  },
  "Generic": {
    "carpetAccuratePlacementProtocol": true,
    "clientPlacementRotation": true,
    "fastLeftClickAllowTools": false,
    "fastPlacementRememberOrientation": true,
    "freeCameraPlayerInputs": false,
    "freeCameraPlayerMovement": false,
    "handRestockPre": true,
    "hangableEntityBypassInverse": false,
    "permanentSneakAllowInGUIs": true,
    "placementRestrictionTiedToFast": true,
    "potionWarningBeneficialOnly": true,
    "rememberFlexibleFromClick": true,
    "shulkerDisplayBgColor": false,
    "shulkerDisplayRequireShift": true,
    "slotSyncWorkaround": true,
    "slotSyncWorkaroundAlways": true,
    "snapAimIndicator": true,
    "snapAimOnlyCloseToAngle": true,
    "snapAimPitchOvershoot": false,
    "zoomAdjustMouseSensitivity": true,
    "blockTypeBreakRestrictionWarn": "message",
    "breakingRestrictionMode": "line",
    "elytraCameraIndicator": "with_key",
    "entityTypeAttackRestrictionWarn": "message",
    "placementRestrictionMode": "face",
    "hotbarSwapOverlayAlignment": "bottom_right",
    "snapAimMode": "yaw",
    "chatTimeFormat": "[HH:mm:ss]",
    "chatBackgroundColor": "#80000000",
    "flexibleBlockPlacementOverlayColor": "#C03030F0",
    "snapAimIndicatorColor": "#603030FF",
    "afterClickerClickCount": 3,
    "blockReachDistance": 4.5,
    "breakingGridSize": 3,
    "fastBlockPlacementCount": 1,
    "fastLeftClickCount": 1,
    "fastRightClickCount": 50,
    "fillCloneLimit": 1000000000,
    "flyDecelerationFactor": 0.4,
    "flySpeedPreset1": 0.01,
    "flySpeedPreset2": 0.064,
    "flySpeedPreset3": 0.128,
    "flySpeedPreset4": 0.32,
    "gammaOverrideValue": 16.0,
    "handRestockPreThreshold": 6,
    "hotbarSlotCycleMax": 2,
    "hotbarSlotRandomizerMax": 5,
    "hotbarSwapOverlayOffsetX": 4,
    "hotbarSwapOverlayOffsetY": 4,
    "itemSwapDurabilityThreshold": 20,
    "mapPreviewSize": 160,
    "periodicAttackInterval": 1,
    "periodicUseInterval": 1,
    "periodicHoldAttackDuration": 100,
    "periodicHoldAttackInterval": 2,
    "periodicHoldUseDuration": 100,
    "periodicHoldUseInterval": 1,
    "placementGridSize": 3,
    "placementLimit": 3,
    "potionWarningThreshold": 600,
    "renderLimitItem": -1,
    "renderLimitXPOrb": -1,
    "sculkSensorPulseLength": 40,
    "snapAimPitchStep": 12.5,
    "snapAimThresholdPitch": 1.5,
    "snapAimThresholdYaw": 5.0,
    "snapAimYawStep": 45.0,
    "structureBlockMaxSize": 128,
    "toolSwitchableSlots": "1-9",
    "toolSwitchIgnoredSlots": "",
    "zoomFov": 30.0
  },
  "GenericHotkeys": {
    "accurateBlockPlacementInto": {
      "keys": ""
    },
    "accurateBlockPlacementReverse": {
      "keys": ""
    },
    "breakingRestrictionModeColumn": {
      "keys": ""
    },
    "breakingRestrictionModeDiagonal": {
      "keys": ""
    },
    "breakingRestrictionModeFace": {
      "keys": ""
    },
    "breakingRestrictionModeLayer": {
      "keys": ""
    },
    "breakingRestrictionModeLine": {
      "keys": ""
    },
    "breakingRestrictionModePlane": {
      "keys": ""
    },
    "copySignText": {
      "keys": ""
    },
    "elytraCamera": {
      "keys": ""
    },
    "flexibleBlockPlacementAdjacent": {
      "keys": ""
    },
    "flexibleBlockPlacementOffset": {
      "keys": "LEFT_CONTROL"
    },
    "flexibleBlockPlacementRotation": {
      "keys": "LEFT_ALT"
    },
    "flyPreset1": {
      "keys": ""
    },
    "flyPreset2": {
      "keys": ""
    },
    "flyPreset3": {
      "keys": ""
    },
    "flyPreset4": {
      "keys": ""
    },
    "freeCameraPlayerInputs": {
      "keys": ""
    },
    "freeCameraPlayerMovement": {
      "keys": ""
    },
    "hotbarScroll": {
      "keys": ""
    },
    "hotbarSwapBase": {
      "keys": ""
    },
    "hotbarSwap1": {
      "keys": ""
    },
    "hotbarSwap2": {
      "keys": ""
    },
    "hotbarSwap3": {
      "keys": ""
    },
    "inventoryPreview": {
      "keys": "LEFT_ALT"
    },
    "openConfigGui": {
      "keys": "X,C"
    },
    "placementYMirror": {
      "keys": ""
    },
    "playerInventoryPeek": {
      "keys": ""
    },
    "placementRestrictionModeColumn": {
      "keys": "Z,3"
    },
    "placementRestrictionModeDiagonal": {
      "keys": "Z,5"
    },
    "placementRestrictionModeFace": {
      "keys": "Z,2"
    },
    "placementRestrictionModeLayer": {
      "keys": "Z,6"
    },
    "placementRestrictionModeLine": {
      "keys": "Z,4"
    },
    "placementRestrictionModePlane": {
      "keys": "Z,1"
    },
    "sitDownNearbyPets": {
      "keys": ""
    },
    "skipAllRendering": {
      "keys": ""
    },
    "skipWorldRendering": {
      "keys": ""
    },
    "standUpNearbyPets": {
      "keys": ""
    },
    "swapElytraChestplate": {
      "keys": ""
    },
    "toggleCarpetAccuratePlacementProtocol": {
      "keys": ""
    },
    "toggleGrabCursor": {
      "keys": ""
    },
    "toolPick": {
      "keys": ""
    },
    "writeMapsAsImages": {
      "keys": ""
    },
    "zoomActivate": {
      "keys": ""
    }
  },
  "Internal": {
    "flySpeedPreset": 0,
    "gammaValueOriginal": 1.0,
    "hotbarScrollCurrentRow": 3,
    "slimeBlockSlipperinessOriginal": 0.800000011920929,
    "snapAimLastYaw": 270.0
  },
  "Lists": {
    "blockTypeBreakRestrictionListType": "blacklist",
    "blockTypeBreakRestrictionBlackList": [
      "minecraft:budding_amethyst"
    ],
    "blockTypeBreakRestrictionWhiteList": [],
    "creativeExtraItems": [
      "minecraft:command_block",
      "minecraft:chain_command_block",
      "minecraft:repeating_command_block",
      "minecraft:dragon_egg",
      "minecraft:structure_void",
      "minecraft:structure_block",
      "minecraft:structure_block{BlockEntityTag:{mode:\"SAVE\"}}",
      "minecraft:structure_block{BlockEntityTag:{mode:\"LOAD\"}}",
      "minecraft:structure_block{BlockEntityTag:{mode:\"CORNER\"}}"
    ],
    "entityTypeAttackRestrictionListType": "blacklist",
    "entityTypeAttackRestrictionBlackList": [
      "minecraft:villager"
    ],
    "entityTypeAttackRestrictionWhiteList": [],
    "entityWeaponMapping": [
      "\u003cdefault\u003e \u003d\u003e minecraft:diamond_sword, minecraft:golden_sword, minecraft:iron_sword, minecraft:netherite_sword, minecraft:stone_sword, minecraft:wooden_sword",
      "minecraft:end_crystal, minecraft:item_frame, minecraft:glow_item_frame, minecraft:leash_knot \u003d\u003e \u003cignore\u003e",
      "minecraft:minecart, minecraft:chest_minecart, minecraft:furnace_minecart, minecraft:hopper_minecart, minecraft:hopper_minecart, minecraft:spawner_minecart, minecraft:tnt_minecart, minecraft:boat\u003d\u003e minecraft:diamond_axe, minecraft:golden_axe, minecraft:iron_axe, minecraft:netherite_axe, minecraft:stone_axe, minecraft:wooden_axe"
    ],
    "fastPlacementItemListType": "blacklist",
    "fastRightClickBlockListType": "blacklist",
    "fastRightClickListType": "none",
    "potionWarningListType": "none",
    "fastPlacementItemBlackList": [
      "minecraft:ender_chest",
      "minecraft:white_shulker_box"
    ],
    "fastPlacementItemWhiteList": [],
    "fastRightClickBlockBlackList": [
      "minecraft:chest",
      "minecraft:ender_chest",
      "minecraft:trapped_chest",
      "minecraft:white_shulker_box"
    ],
    "fastRightClickBlockWhiteList": [],
    "fastRightClickBlackList": [
      "minecraft:fireworks"
    ],
    "fastRightClickWhiteList": [
      "minecraft:bucket",
      "minecraft:water_bucket",
      "minecraft:lava_bucket",
      "minecraft:glass_bottle"
    ],
    "flatWorldPresets": [
      "White Glass;1*minecraft:white_stained_glass;minecraft:plains;;minecraft:white_stained_glass",
      "Glass;1*minecraft:glass;minecraft:plains;;minecraft:glass"
    ],
    "handRestockListType": "none",
    "handRestockBlackList": [
      "minecraft:bucket",
      "minecraft:lava_bucket",
      "minecraft:water_bucket"
    ],
    "handRestockWhiteList": [],
    "potionWarningBlackList": [
      "minecraft:hunger",
      "minecraft:mining_fatigue",
      "minecraft:nausea",
      "minecraft:poison",
      "minecraft:slowness",
      "minecraft:weakness"
    ],
    "potionWarningWhiteList": [
      "minecraft:fire_resistance",
      "minecraft:invisibility",
      "minecraft:water_breathing"
    ],
    "repairModeSlots": [
      "mainhand",
      "offhand"
    ],
    "unstackingItems": [
      "minecraft:bucket",
      "minecraft:glass_bottle"
    ]
  },
  "DisableToggles": {
    "disableArmorStandRendering": {
      "enabled": false,
      "hotkey": {
        "keys": ""
      }
    },
    "disableAxeStripping": {
      "enabled": false,
      "hotkey": {
        "keys": ""
      }
    },
    "disableBatSpawning": {
      "enabled": false,
      "hotkey": {
        "keys": ""
      }
    },
    "disableBeaconBeamRendering": {
      "enabled": false,
      "hotkey": {
        "keys": ""
      }
    },
    "disableBlockBreakingParticles": {
      "enabled": false,
      "hotkey": {
        "keys": ""
      }
    },
    "disableDoubleTapSprint": {
      "enabled": false,
      "hotkey": {
        "keys": ""
      }
    },
    "disableBossFog": {
      "enabled": true,
      "hotkey": {
        "keys": ""
      }
    },
    "disableChunkRendering": {
      "enabled": false,
      "hotkey": {
        "keys": ""
      }
    },
    "disableClientEntityUpdates": {
      "enabled": false,
      "hotkey": {
        "keys": "LEFT_ALT,4"
      }
    },
    "disableClientLightUpdates": {
      "enabled": false,
      "hotkey": {
        "keys": ""
      }
    },
    "disableConstantChunkSaving": {
      "enabled": false,
      "hotkey": {
        "keys": ""
      }
    },
    "disableCreativeMenuInfestedBlocks": {
      "enabled": false,
      "hotkey": {
        "keys": ""
      }
    },
    "disableDeadMobRendering": {
      "enabled": false,
      "hotkey": {
        "keys": ""
      }
    },
    "disableDeadMobTargeting": {
      "enabled": false,
      "hotkey": {
        "keys": ""
      }
    },
    "disableEntityRendering": {
      "enabled": false,
      "hotkey": {
        "keys": "LEFT_ALT,3"
      }
    },
    "disableEntityTicking": {
      "enabled": false,
      "hotkey": {
        "keys": ""
      }
    },
    "disableFallingBlockEntityRendering": {
      "enabled": false,
      "hotkey": {
        "keys": ""
      }
    },
    "disableFirstPersonEffectParticles": {
      "enabled": false,
      "hotkey": {
        "keys": ""
      }
    },
    "disableInventoryEffectRendering": {
      "enabled": false,
      "hotkey": {
        "keys": ""
      }
    },
    "disableItemSwitchRenderCooldown": {
      "enabled": false,
      "hotkey": {
        "keys": ""
      }
    },
    "disableMobSpawnerMobRendering": {
      "enabled": false,
      "hotkey": {
        "keys": ""
      }
    },
    "disableNauseaEffect": {
      "enabled": false,
      "hotkey": {
        "keys": ""
      }
    },
    "disableNetherFog": {
      "enabled": true,
      "hotkey": {
        "keys": ""
      }
    },
    "disableNetherPortalSound": {
      "enabled": false,
      "hotkey": {
        "keys": ""
      }
    },
    "disableObserver": {
      "enabled": false,
      "hotkey": {
        "keys": ""
      }
    },
    "disableOffhandRendering": {
      "enabled": false,
      "hotkey": {
        "keys": ""
      }
    },
    "disableParticles": {
      "enabled": true,
      "hotkey": {
        "keys": "LEFT_ALT,2"
      }
    },
    "disablePortalGuiClosing": {
      "enabled": false,
      "hotkey": {
        "keys": ""
      }
    },
    "disableRainEffects": {
      "enabled": false,
      "hotkey": {
        "keys": ""
      }
    },
    "disableRenderingScaffolding": {
      "enabled": false,
      "hotkey": {
        "keys": ""
      }
    },
    "disableRenderDistanceFog": {
      "enabled": true,
      "hotkey": {
        "keys": ""
      }
    },
    "disableScoreboardRendering": {
      "enabled": false,
      "hotkey": {
        "keys": ""
      }
    },
    "disableShulkerBoxTooltip": {
      "enabled": false,
      "hotkey": {
        "keys": ""
      }
    },
    "disableShovelPathing": {
      "enabled": false,
      "hotkey": {
        "keys": ""
      }
    },
    "disableSignGui": {
      "enabled": false,
      "hotkey": {
        "keys": ""
      }
    },
    "disableSlimeBlockSlowdown": {
      "enabled": false,
      "hotkey": {
        "keys": ""
      }
    },
    "disableStatusEffectHud": {
      "enabled": false,
      "hotkey": {
        "keys": ""
      }
    },
    "disableTileEntityRendering": {
      "enabled": false,
      "hotkey": {
        "keys": ""
      }
    },
    "disableTileEntityTicking": {
      "enabled": false,
      "hotkey": {
        "keys": ""
      }
    },
    "disableVillagerTradeLocking": {
      "enabled": false,
      "hotkey": {
        "keys": ""
      }
    },
    "disableWallUnsprint": {
      "enabled": false,
      "hotkey": {
        "keys": ""
      }
    },
    "disableWorldViewBob": {
      "enabled": false,
      "hotkey": {
        "keys": ""
      }
    }
  },
  "DisableHotkeys": {
    "disableArmorStandRendering": {
      "keys": ""
    },
    "disableAxeStripping": {
      "keys": ""
    },
    "disableBatSpawning": {
      "keys": ""
    },
    "disableBeaconBeamRendering": {
      "keys": ""
    },
    "disableBlockBreakingParticles": {
      "keys": ""
    },
    "disableDoubleTapSprint": {
      "keys": ""
    },
    "disableBossFog": {
      "keys": ""
    },
    "disableChunkRendering": {
      "keys": ""
    },
    "disableClientEntityUpdates": {
      "keys": "LEFT_ALT,4"
    },
    "disableClientLightUpdates": {
      "keys": ""
    },
    "disableConstantChunkSaving": {
      "keys": ""
    },
    "disableCreativeMenuInfestedBlocks": {
      "keys": ""
    },
    "disableDeadMobRendering": {
      "keys": ""
    },
    "disableDeadMobTargeting": {
      "keys": ""
    },
    "disableEntityRendering": {
      "keys": "LEFT_ALT,3"
    },
    "disableEntityTicking": {
      "keys": ""
    },
    "disableFallingBlockEntityRendering": {
      "keys": ""
    },
    "disableFirstPersonEffectParticles": {
      "keys": ""
    },
    "disableInventoryEffectRendering": {
      "keys": ""
    },
    "disableItemSwitchRenderCooldown": {
      "keys": ""
    },
    "disableMobSpawnerMobRendering": {
      "keys": ""
    },
    "disableNauseaEffect": {
      "keys": ""
    },
    "disableNetherFog": {
      "keys": ""
    },
    "disableNetherPortalSound": {
      "keys": ""
    },
    "disableObserver": {
      "keys": ""
    },
    "disableOffhandRendering": {
      "keys": ""
    },
    "disableParticles": {
      "keys": "LEFT_ALT,2"
    },
    "disablePortalGuiClosing": {
      "keys": ""
    },
    "disableRainEffects": {
      "keys": ""
    },
    "disableRenderingScaffolding": {
      "keys": ""
    },
    "disableRenderDistanceFog": {
      "keys": ""
    },
    "disableScoreboardRendering": {
      "keys": ""
    },
    "disableShulkerBoxTooltip": {
      "keys": ""
    },
    "disableShovelPathing": {
      "keys": ""
    },
    "disableSignGui": {
      "keys": ""
    },
    "disableSlimeBlockSlowdown": {
      "keys": ""
    },
    "disableStatusEffectHud": {
      "keys": ""
    },
    "disableTileEntityRendering": {
      "keys": ""
    },
    "disableTileEntityTicking": {
      "keys": ""
    },
    "disableVillagerTradeLocking": {
      "keys": ""
    },
    "disableWallUnsprint": {
      "keys": ""
    },
    "disableWorldViewBob": {
      "keys": ""
    }
  },
  "TweakToggles": {
    "tweakAccurateBlockPlacement": false,
    "tweakAfterClicker": false,
    "tweakAimLock": false,
    "tweakAngelBlock": false,
    "tweakBlockReachOverride": false,
    "tweakBlockTypeBreakRestriction": false,
    "tweakBreakingGrid": false,
    "tweakBreakingRestriction": false,
    "tweakChatBackgroundColor": false,
    "tweakChatPersistentText": true,
    "tweakChatTimestamp": false,
    "tweakCommandBlockExtraFields": true,
    "tweakCreativeExtraItems": true,
    "tweakCustomFlatPresets": true,
    "tweakCustomFlyDeceleration": false,
    "tweakElytraCamera": false,
    "tweakEntityTypeAttackRestriction": false,
    "tweakEmptyShulkerBoxesStack": false,
    "tweakEmptyShulkerBoxesStackOnGround": false,
    "tweakExplosionReducedParticles": true,
    "tweakF3Cursor": false,
    "tweakFakeSneaking": false,
    "tweakFakeSneakPlacement": false,
    "tweakFastBlockPlacement": false,
    "tweakFastLeftClick": false,
    "tweakFastRightClick": false,
    "tweakFillCloneLimit": true,
    "tweakFlySpeed": false,
    "tweakFlexibleBlockPlacement": true,
    "tweakFreeCamera": false,
    "tweakGammaOverride": true,
    "tweakHandRestock": true,
    "tweakHangableEntityBypass": false,
    "tweakHoldAttack": false,
    "tweakHoldUse": false,
    "tweakHotbarScroll": true,
    "tweakHotbarSlotCycle": false,
    "tweakHotbarSlotRandomizer": false,
    "tweakHotbarSwap": true,
    "tweakInventoryPreview": false,
    "tweakItemUnstackingProtection": true,
    "tweakLavaVisibility": true,
    "tweakMapPreview": true,
    "tweakMovementKeysLast": true,
    "tweakPeriodicAttack": false,
    "tweakPeriodicUse": false,
    "tweakPeriodicHoldAttack": false,
    "tweakPeriodicHoldUse": false,
    "tweakPermanentSneak": false,
    "tweakPermanentSprint": true,
    "tweakPlacementGrid": false,
    "tweakPlacementLimit": false,
    "tweakPlacementRestriction": false,
    "tweakPlacementRestrictionFirst": false,
    "tweakPlacementRestrictionHand": false,
    "tweakPlayerInventoryPeek": false,
    "tweakPotionWarning": true,
    "tweakPrintDeathCoordinates": true,
    "tweakPickBeforePlace": false,
    "tweakPlayerListAlwaysVisible": false,
    "tweakRenderEdgeChunks": false,
    "tweakRenderInvisibleEntities": false,
    "tweakRenderLimitEntities": false,
    "tweakRepairMode": false,
    "tweakSculkPulseLength": false,
    "tweakShulkerBoxDisplay": true,
    "tweakSignCopy": false,
    "tweakSnapAim": false,
    "tweakSnapAimLock": false,
    "tweakSneak_1.15.2": false,
    "tweakSpectatorTeleport": false,
    "tweakStructureBlockLimit": false,
    "tweakSwapAlmostBrokenTools": false,
    "tweakTabCompleteCoordinate": true,
    "tweakToolSwitch": false,
    "tweakWeaponSwitch": false,
    "tweakYMirror": false,
    "tweakZoom": false
  },
  "TweakHotkeys": {
    "tweakAccurateBlockPlacement": {
      "keys": ""
    },
    "tweakAfterClicker": {
      "keys": "LEFT_ALT,1"
    },
    "tweakAimLock": {
      "keys": "K"
    },
    "tweakAngelBlock": {
      "keys": ""
    },
    "tweakBlockReachOverride": {
      "keys": ""
    },
    "tweakBlockTypeBreakRestriction": {
      "keys": ""
    },
    "tweakBreakingGrid": {
      "keys": ""
    },
    "tweakBreakingRestriction": {
      "keys": ""
    },
    "tweakChatBackgroundColor": {
      "keys": ""
    },
    "tweakChatPersistentText": {
      "keys": ""
    },
    "tweakChatTimestamp": {
      "keys": ""
    },
    "tweakCommandBlockExtraFields": {
      "keys": ""
    },
    "tweakCreativeExtraItems": {
      "keys": ""
    },
    "tweakCustomFlatPresets": {
      "keys": ""
    },
    "tweakCustomFlyDeceleration": {
      "keys": ""
    },
    "tweakElytraCamera": {
      "keys": ""
    },
    "tweakEntityTypeAttackRestriction": {
      "keys": ""
    },
    "tweakEmptyShulkerBoxesStack": {
      "keys": ""
    },
    "tweakEmptyShulkerBoxesStackOnGround": {
      "keys": ""
    },
    "tweakExplosionReducedParticles": {
      "keys": ""
    },
    "tweakF3Cursor": {
      "keys": ""
    },
    "tweakFakeSneaking": {
      "keys": "LEFT_SHIFT,J"
    },
    "tweakFakeSneakPlacement": {
      "keys": "LEFT_CONTROL,2"
    },
    "tweakFastBlockPlacement": {
      "keys": "X,BUTTON_2"
    },
    "tweakFastLeftClick": {
      "keys": "X,BUTTON_1"
    },
    "tweakFastRightClick": {
      "keys": "LEFT_CONTROL,3"
    },
    "tweakFillCloneLimit": {
      "keys": ""
    },
    "tweakFlySpeed": {
      "keys": ""
    },
    "tweakFlexibleBlockPlacement": {
      "keys": ""
    },
    "tweakFreeCamera": {
      "keys": "LEFT_CONTROL,1"
    },
    "tweakGammaOverride": {
      "keys": ""
    },
    "tweakHandRestock": {
      "keys": ""
    },
    "tweakHangableEntityBypass": {
      "keys": ""
    },
    "tweakHoldAttack": {
      "keys": "LEFT_ALT,X,BUTTON_1"
    },
    "tweakHoldUse": {
      "keys": "LEFT_ALT,X,BUTTON_2"
    },
    "tweakHotbarScroll": {
      "keys": ""
    },
    "tweakHotbarSlotCycle": {
      "keys": ""
    },
    "tweakHotbarSlotRandomizer": {
      "keys": ""
    },
    "tweakHotbarSwap": {
      "keys": ""
    },
    "tweakInventoryPreview": {
      "keys": ""
    },
    "tweakItemUnstackingProtection": {
      "keys": ""
    },
    "tweakLavaVisibility": {
      "keys": ""
    },
    "tweakMapPreview": {
      "keys": ""
    },
    "tweakMovementKeysLast": {
      "keys": ""
    },
    "tweakPeriodicAttack": {
      "keys": "LEFT_SHIFT,X,BUTTON_1"
    },
    "tweakPeriodicUse": {
      "keys": "LEFT_SHIFT,X,BUTTON_2"
    },
    "tweakPeriodicHoldAttack": {
      "keys": "LEFT_CONTROL,X,BUTTON_1"
    },
    "tweakPeriodicHoldUse": {
      "keys": "LEFT_CONTROL,X,BUTTON_2"
    },
    "tweakPermanentSneak": {
      "keys": "J"
    },
    "tweakPermanentSprint": {
      "keys": "RIGHT_CONTROL"
    },
    "tweakPlacementGrid": {
      "keys": ""
    },
    "tweakPlacementLimit": {
      "keys": ""
    },
    "tweakPlacementRestriction": {
      "keys": ""
    },
    "tweakPlacementRestrictionFirst": {
      "keys": ""
    },
    "tweakPlacementRestrictionHand": {
      "keys": ""
    },
    "tweakPlayerInventoryPeek": {
      "keys": ""
    },
    "tweakPotionWarning": {
      "keys": ""
    },
    "tweakPrintDeathCoordinates": {
      "keys": ""
    },
    "tweakPickBeforePlace": {
      "keys": ""
    },
    "tweakPlayerListAlwaysVisible": {
      "keys": ""
    },
    "tweakRenderEdgeChunks": {
      "keys": ""
    },
    "tweakRenderInvisibleEntities": {
      "keys": ""
    },
    "tweakRenderLimitEntities": {
      "keys": ""
    },
    "tweakRepairMode": {
      "keys": ""
    },
    "tweakSculkPulseLength": {
      "keys": ""
    },
    "tweakShulkerBoxDisplay": {
      "keys": ""
    },
    "tweakSignCopy": {
      "keys": ""
    },
    "tweakSnapAim": {
      "keys": "I"
    },
    "tweakSnapAimLock": {
      "keys": ""
    },
    "tweakSneak_1.15.2": {
      "keys": ""
    },
    "tweakSpectatorTeleport": {
      "keys": ""
    },
    "tweakStructureBlockLimit": {
      "keys": ""
    },
    "tweakSwapAlmostBrokenTools": {
      "keys": "LEFT_CONTROL,KP_1"
    },
    "tweakTabCompleteCoordinate": {
      "keys": ""
    },
    "tweakToolSwitch": {
      "keys": "KP_4"
    },
    "tweakWeaponSwitch": {
      "keys": ""
    },
    "tweakYMirror": {
      "keys": ""
    },
    "tweakZoom": {
      "keys": ""
    }
  }
}