{
  "selections": {
    "mode": "SIMPLE"
  },
  "placements": {},
  "schematic_projects_manager": {},
  "operation_mode": "AREA_SELECTION",
  "render_range": {
    "mode": "ALL",
    "axis": "Y",
    "layer_single": 0,
    "layer_above": 0,
    "layer_below": 0,
    "layer_range_min": 0,
    "layer_range_max": 0,
    "hotkey_range_min": false,
    "hotkey_range_max": false
  },
  "area_simple": {
    "name": "Unnamed",
    "current": "Unnamed",
    "boxes": [
      {
        "pos1": [
          -1164,
          197,
          -74
        ],
        "pos2": [
          -1190,
          65,
          -100
        ],
        "name": "Unnamed"
      }
    ],
    "origin": [
      719,
      1,
      559
    ]
  },
  "tool_mode_data": {
    "delete": {
      "use_placement": false
    }
  }
}