{
    "worldedit.expand.description.vert": "Expande verticalmente la selección hasta los límites del mundo.",
    "worldedit.expand.expanded": "Región expandida {0} bloques",
    "worldedit.expand.expanded.vert": "Región expandida {0} bloques (de arriba a abajo).",
    "worldedit.biomeinfo.lineofsight": "Biomas en el punto de vista: {0}",
    "worldedit.biomeinfo.position": "Biomas en tu posición: {0}",
    "worldedit.biomeinfo.selection": "Biomas en tu selección: {0}",
    "worldedit.brush.radius-too-large": "Radio máximo de pincel permitido: {0}",
    "worldedit.brush.apply.description": "Pincel de aplicación, para aplicar una función a cada bloque",
    "worldedit.brush.apply.radius": "El tamaño de la brocha",
    "worldedit.brush.apply.shape": "La forma de la región",
    "worldedit.brush.apply.type": "Tipo de pincel a usar",
    "worldedit.brush.apply.item.warning": "Este pincel simula el uso de objetos. Es posible que sus efectos no funcionen en todas las plataformas, pueden no ser revertibles y pueden causar interacciones extrañas con otros mods/plugins. Usa bajo tu propio riesgo.",
    "worldedit.brush.paint.description": "Pincel de pintura, para aplicar una función a una superficie",
    "worldedit.brush.paint.size": "El tamaño de la brocha",
    "worldedit.brush.paint.shape": "La forma de la región",
    "worldedit.brush.paint.density": "La densidad de la brocha",
    "worldedit.brush.paint.type": "Tipo de pincel a usar",
    "worldedit.brush.paint.item.warning": "Este pincel simula el uso de objetos. Es posible que sus efectos no funcionen en todas las plataformas, pueden no ser revertibles y pueden causar interacciones extrañas con otros mods/plugins. Usa bajo tu propio riesgo.",
    "worldedit.brush.sphere.equip": "Pincel de figura esférica equipado ({0}).",
    "worldedit.brush.cylinder.equip": "Pincel de figura cilíndrica equipado ({0} por {1}).",
    "worldedit.brush.clipboard.equip": "Forma de pizarra esférica equipada.",
    "worldedit.brush.smooth.equip": "Pincel suave equipado ({0} x {1}x usando {2}).",
    "worldedit.brush.extinguish.equip": "Extintor equipado ({0}).",
    "worldedit.brush.gravity.equip": "Pincel de gravedad equipado ({0}).",
    "worldedit.brush.butcher.equip": "Pincel de carnicero equipado ({0}).",
    "worldedit.brush.operation.equip": "Establecer pincel a {0}.",
    "worldedit.brush.none.equip": "Pincel desenlazado de tu objeto actual.",
    "worldedit.setbiome.changed": "Los biomas fueron cambiados por aproximadamente {0} bloques.",
    "worldedit.setbiome.warning": "Puede ser que necesites volver a entrar al juego (o cerrar y reabrir tu mundo) para ver cambios.",
    "worldedit.drawsel.disabled": "CUI de servidor deshabilitado.",
    "worldedit.drawsel.enabled": "Server CUI habilitado. Esto sólo soporta regiones cubicas, con un tamaño máximo de 32x32x32.",
    "worldedit.drawsel.disabled.already": "El CUI de servidor ya está deshabilitado.",
    "worldedit.drawsel.enabled.already": "El CUI de servidor ya está habilitado.",
    "worldedit.limit.too-high": "Tu límite máximo permitido es {0}.",
    "worldedit.limit.set": "Límite de cambio de bloques establecido en {0}.",
    "worldedit.limit.return-to-default": "(Usa //limit para volver al valor por defecto.)",
    "worldedit.timeout.too-high": "Tu tiempo máximo permitido es {0}ms.",
    "worldedit.timeout.set": "Tiempo de espera puesto en {0}ms.",
    "worldedit.timeout.return-to-default": " (Usa //timeout para volver al valor por defecto.)",
    "worldedit.fast.disabled": "Modo rápido deshabilitado.",
    "worldedit.fast.enabled": "Modo rápido habilitado. Puede ser que la iluminación en los chunks afectados sea errónea, y que necesites volver a entrar para ver cambios.",
    "worldedit.fast.disabled.already": "El modo rápido ya está deshabilitado.",
    "worldedit.fast.enabled.already": "El modo rápido ya está habilitado.",
    "worldedit.perf.sideeffect.set": "Efecto secundario \"{0}\" está ahora en {1}",
    "worldedit.perf.sideeffect.get": "Efecto secundario \"{0}\" está en {1}",
    "worldedit.perf.sideeffect.already-set": "Efecto secundario \"{0}\" ya está en {1}",
    "worldedit.perf.sideeffect.set-all": "Todos los efectos secundarios se pusieron en {0}",
    "worldedit.reorder.current": "El modo de reordenación es {0}",
    "worldedit.reorder.set": "El modo de reordenación ahora es {0}",
    "worldedit.gmask.disabled": "Máscara global desactivada.",
    "worldedit.gmask.set": "Máscara global definida.",
    "worldedit.searchitem.either-b-or-i": "No podés usar las banderas 'b' e 'i' simultáneamente.",
    "worldedit.searchitem.searching": "(Por favor espere... buscando objetos.)",
    "worldedit.undo.undone": "{0} ediciones disponibles deshechas.",
    "worldedit.undo.none": "No queda nada para deshacer.",
    "worldedit.redo.redone": "{0} ediciones disponibles rehechas.",
    "worldedit.redo.none": "No queda nada para rehacer.",
    "worldedit.clearhistory.cleared": "Historial borrado.",
    "worldedit.restore.none-found-console": "No se encontraron snapshots. Ve la consola para más detalles.",
    "worldedit.restore.block-place-error": "Último error: {0}",
    "worldedit.snapshot.use": "Snapshot establecida a: {0}",
    "worldedit.snapshot.none-before": "No se pudo encontrar una snapshot de antes de {0}.",
    "worldedit.snapshot.none-after": "No se pudo encontrar una snapshot después de {0}.",
    "worldedit.snapshot.index-above-0": "Índice inválido, debe ser mayor o igual a 1.",
    "worldedit.snapshot.index-oob": "Índice inválido, debe ser entre 1 y {0}.",
    "worldedit.schematic.unknown-format": "Formato de schematic desconocido: {0}.",
    "worldedit.schematic.load.does-not-exist": "¡La schematic {0} no existe!",
    "worldedit.schematic.load.loading": "(Espera, cargando la schematic...)",
    "worldedit.schematic.load.still-loading": "(Espera, todavía cargando la schematic...)",
    "worldedit.schematic.save.already-exists": "Esa schematic ya existe. Usa el parámetro -f para sobrescribirla.",
    "worldedit.schematic.save.failed-directory": "¡No se pudo crear la carpeta para las schematics!",
    "worldedit.schematic.save.saving": "(Espera, guardando la schematic...)",
    "worldedit.schematic.save.still-saving": "(Espera, todavía guardando la schematic...)",
    "worldedit.schematic.delete.does-not-exist": "¡La schematic {0} no existe!",
    "worldedit.schematic.delete.failed": "¡No se pudo eliminar {0}! ¿Acaso es de solo lectura?",
    "worldedit.schematic.delete.deleted": "{0} ha sido eliminada.",
    "worldedit.schematic.unsupported-minecraft-version": "Esta versión de WorldEdit no soporta tu versión de Minecraft. Las schematics no funcionarán hasta que se resolva este problema.",
    "worldedit.pos.already-set": "Posición ya establecida.",
    "worldedit.pos.console-require-coords": "Debes proporcionar coordenadas desde la consola.",
    "worldedit.hpos.no-block": "¡No hay bloque a la vista!",
    "worldedit.hpos.already-set": "Posición ya establecida.",
    "worldedit.chunk.selected-multiple": "Chunks seleccionados: ({0}, {1}, {2}) - ({3}, {4}, {5})",
    "worldedit.chunk.selected": "Chunk seleccionado: ({0}, {1}, {2})",
    "worldedit.wand.invalid": "El ítem de varita está mal configurado o deshabilitado.",
    "worldedit.wand.selwand.info": "Clic izquierdo: seleccionar posición #1; Clic derecho: seleccionar posición #2",
    "worldedit.wand.navwand.info": "Clic izquierdo: saltar a la ubicación; Clic derecho: atravesar paredes",
    "worldedit.size.type": "Tipo: {0}",
    "worldedit.size.size": "Tamaño: {0}",
    "worldedit.select.cleared": "Selección borrada.",
    "worldedit.select.cyl.description": "Seleccione un cilindro",
    "worldedit.select.convex.limit-message": "{0} puntos máximos.",
    "worldedit.chunkinfo.chunk": "Chunk: {0}, {1}",
    "worldedit.chunkinfo.old-filename": "Formato antiguo: {0}",
    "worldedit.fill.created": "{0} bloques han sido reemplazados.",
    "worldedit.fillr.created": "{0} bloques han sido reemplazados.",
    "worldedit.fixlava.fixed": "{0} bloques han sido arreglados.",
    "worldedit.fixwater.fixed": "{0} bloques han sido arreglados.",
    "worldedit.removeabove.removed": "{0} bloques han sido eliminados.",
    "worldedit.removebelow.removed": "{0} bloques han sido eliminados.",
    "worldedit.removenear.removed": "{0} bloques han sido eliminados.",
    "worldedit.replacenear.replaced": "{0} bloques han sido reemplazados.",
    "worldedit.paste.pasted": "El portapapeles ha sido pegado en {0}",
    "worldedit.paste.selected": "Región seleccionada para pegar del portapapeles.",
    "worldedit.set.done": "Operación completada.",
    "worldedit.set.done.verbose": "Operación completada ({0}).",
    "worldedit.line.changed": "{0} bloques han cambiado.",
    "worldedit.curve.changed": "{0} bloques han cambiado.",
    "worldedit.replace.replaced": "{0} bloques han sido reemplazados.",
    "worldedit.regen.regenerated": "Region regenerada.",
    "worldedit.walls.changed": "{0} bloques han cambiado.",
    "worldedit.faces.changed": "{0} bloques han cambiado.",
    "worldedit.move.moved": "{0} bloques movidos.",
    "worldedit.deform.deformed": "{0} bloques han sido deformados.",
    "worldedit.hollow.changed": "{0} bloques han cambiado.",
    "worldedit.forest.created": "{0} árboles creados.",
    "worldedit.flora.created": "{0} flora creada.",
    "worldedit.unstuck.moved": "¡Aquí tienes!",
    "worldedit.ceil.moved": "¡Woosh!",
    "worldedit.thru.moved": "¡Woosh!",
    "worldedit.jumpto.moved": "¡Puf!",
    "worldedit.up.moved": "¡Woosh!",
    "worldedit.forestgen.created": "{0} árboles creados.",
    "worldedit.reload.config": "¡Configuración reiniciada!",
    "worldedit.report.written": "Informe de WorldEdit escrito a {0}",
    "worldedit.report.error": "No se puedo escribir el informe: {0}",
    "worldedit.report.callback": "Informe de WorldEdit: {0}.report",
    "worldedit.timezone.invalid": "Zona horaria inválida",
    "worldedit.timezone.set": "Zona horaria para esta sesión establecida a: {0}",
    "worldedit.timezone.current": "La hora actual en esa zona horaria es: {0}",
    "worldedit.version.version": "WorldEdit versión {0}",
    "worldedit.version.bukkit.unsupported-adapter": "Esta versión de WorldEdit no soporta tu versión de Bukkit. Los objetos como cofres estarán vacíos, las propiedades de los bloques como la rotación se perderá y otras cosas pueden no funcionar. Actualiza WorldEdit para arreglar estas funcionalidades: {0}",
    "worldedit.command.permissions": "No tienes permiso para hacer eso. ¿Estás en el modo correcto?",
    "worldedit.command.player-only": "Este comando debe ser utilizado por un jugador.",
    "worldedit.command.error.report": "Por favor reporta este error: [Ver consola]",
    "worldedit.pastebin.uploading": "(Por favor espere... enviando a pastebin...)",
    "worldedit.session.cant-find-session": "No se puede encontrar la sesión para {0}",
    "worldedit.tool.max-block-changes": "Límite máximo de bloques alcanzado.",
    "worldedit.tool.no-block": "¡No hay bloque a la vista!",
    "worldedit.tool.repl.switched": "Herramienta de reemplazar cambiada a: {0}",
    "worldedit.tool.data-cycler.new-value": "El valor de {0} es ahora {1}.",
    "worldedit.tool.deltree.not-tree": "Eso no es un árbol.",
    "worldedit.tool.deltree.not-floating": "Eso no es un árbol flotante.",
    "worldedit.tool.tree.equip": "Herramienta de árbol vinculada a {0}.",
    "worldedit.tool.tree.obstructed": "Un árbol no puede ir allí.",
    "worldedit.tool.info.equip": " Herramienta de información vinculada a {0}.",
    "worldedit.tool.info.blockstate.hover": "Estado del bloque",
    "worldedit.tool.info.internalid.hover": "ID interna",
    "worldedit.tool.none.equip": "Herramienta desvinculada de tu objeto actual.",
    "worldedit.tool.selwand.equip": "Varita de selección vinculada a {0}.",
    "worldedit.tool.navwand.equip": "Varita de navegación vinculada a {0}.",
    "worldedit.script.read-error": "Error al leer el script: {0}",
    "worldedit.script.unsupported": "Solo los script .js están soportados",
    "worldedit.script.failed": "Fallo al ejecutar: {0}",
    "worldedit.operation.affected.biome": "{0} biomas afectados",
    "worldedit.operation.affected.block": "{0} bloques afectados",
    "worldedit.operation.affected.column": "{0} columnas afectadas",
    "worldedit.operation.affected.entity": "{0} entidades afectadas",
    "worldedit.operation.deform.expression": "deformado usando {0}",
    "worldedit.error.invalid-number.matches": "Número esperado; texto \"{0}\" dado.",
    "worldedit.error.incomplete-region": "Haz una selección de región primero.",
    "worldedit.error.unknown-block": "El bloque '{0}' es desconocido.",
    "worldedit.error.unknown-entity": "La entidad '{0}' es desconocida.",
    "worldedit.error.unknown-mob": "El mob '{0}' es desconocido.",
    "worldedit.error.unknown-biome": "El bioma '{0}' es desconocido.",
    "worldedit.error.unknown-direction": "Dirección desconocida: {0}",
    "worldedit.error.file-aborted": "Selección de archivo abortada.",
    "worldedit.error.no-file-selected": "Ningún archivo seleccionado.",
    "worldedit.error.world-unloaded": "El mundo ya está descargado.",
    "worldedit.error.not-a-block": "Este ítem no es un bloque.",
    "worldedit.error.not-a-block.item": "El ítem '{0}' no es un bloque.",
    "worldedit.error.incorrect-usage": "Uso: {0}",
    "worldedit.error.invalid-page": "Número de página inválido",
    "worldedit.error.parser.duplicate-property": "Propiedad duplicada: {0}",
    "worldedit.error.parser.missing-equals-separator": "Falta el separador '='",
    "worldedit.error.parser.invalid-expression": "Expresión inválida: {0}",
    "worldedit.error.parser.negate-nothing": "¡No se puede negar la nada!",
    "worldedit.error.parser.player-only": "¡La entrada '{0}' requiere un jugador!",
    "worldedit.error.unknown": "Se ha producido un error desconocido: {0}",
    "worldedit.selection.convex.info.vertices": "Vertices: {0}",
    "worldedit.selection.convex.info.triangles": "Triángulos: {0}",
    "worldedit.selection.cuboid.info.pos1": "Posición 1: {0}",
    "worldedit.selection.cuboid.info.pos2": "Posición 2: {0}",
    "worldedit.selection.cuboid.explain.primary": "Primera posición establecida a {0}.",
    "worldedit.selection.cuboid.explain.primary-area": "Primera posición establecida a {0} ({1}).",
    "worldedit.selection.cuboid.explain.secondary": "Segunda posición establecida a {0}.",
    "worldedit.selection.cuboid.explain.secondary-area": "Segunda posición establecida a {0} ({1}).",
    "worldedit.selection.extend.explain.primary": "Selección comenzada en {0} ({1}).",
    "worldedit.selection.extend.explain.secondary": "Selección extendida para incluir {0} ({1}).",
    "worldedit.selection.ellipsoid.info.center": "Centro: {0}",
    "worldedit.selection.ellipsoid.info.radius": "Radio X/Y/Z: {0}",
    "worldedit.selection.ellipsoid.explain.primary": "Posición central establecida a {0}.",
    "worldedit.selection.ellipsoid.explain.primary-area": "Posición central establecida a {0} ({1}).",
    "worldedit.selection.ellipsoid.explain.secondary": "Radio establecido a {0}.",
    "worldedit.selection.ellipsoid.explain.secondary-area": "Radio establecido a {0} ({1}).",
    "worldedit.selection.cylinder.info.center": "Centro: {0}",
    "worldedit.selection.cylinder.info.radius": "Radio: {0}",
    "worldedit.selection.cylinder.explain.primary": "Iniciando una nueva selección cilíndrica en {0}.",
    "worldedit.selection.cylinder.explain.secondary": "Radio establecido a {0}/{1} bloques. ({2})",
    "worldedit.selection.cylinder.explain.secondary-missing": "Tienes que seleccionar el punto central antes de establecer el radio.",
    "worldedit.selection.polygon2d.info": "Número de puntos: {0}",
    "worldedit.selection.polygon2d.explain.primary": "Iniciando un nuevo polígono en {0}.",
    "worldedit.selection.polygon2d.explain.secondary": "Añadido punto número #{0} en {1}.",
    "worldedit.selection.polygon2d.error.expand-only-vertical": "Los polígonos sólo se pueden expandir verticalmente.",
    "worldedit.selection.polygon2d.error.contract-only-vertical": "Los polígonos sólo se pueden encoger verticalmente.",
    "worldedit.selection.sphere.explain.secondary": "Radio establecido a {0}.",
    "worldedit.selection.sphere.explain.secondary-defined": "Radio establecido a {0} ({1}).",
    "worldedit.sideeffect.lighting": "Iluminación",
    "worldedit.sideeffect.neighbors": "Vecinos",
    "worldedit.sideeffect.update": "Actualización",
    "worldedit.sideeffect.validation": "Validación",
    "worldedit.sideeffect.entity_ai": "IA de entidades",
    "worldedit.sideeffect.events.description": "Indica a otros mods/plugins sobre estos cambios cuando sea aplicable",
    "worldedit.sideeffect.state.on": "Activado",
    "worldedit.sideeffect.state.off": "Desactivado",
    "worldedit.sideeffect.box.current": "Actual",
    "worldedit.help.command-not-found": "El comando '{0}' no pudo ser encontrado.",
    "worldedit.help.no-subcommands": "'{0}' no tiene sub-comandos. (Tal vez '{1}' es para un parámetro?)",
    "worldedit.cli.stopping": "Parando!",
    "worldedit.cli.unknown-command": "Comando desconocido!"
}
