{
    "worldedit.expand.description.vert": "Expanda verticalmente la selección hasta los límites del mundo.",
    "worldedit.expand.expanded": "Region expandida {0} bloque(s)",
    "worldedit.expand.expanded.vert": "Region expandida {0} bloque(s) (de arriba a abajo).",
    "worldedit.biomeinfo.lineofsight": "Biomas en el punto de línea de visión: {0}",
    "worldedit.biomeinfo.position": "Biomas en tu posición: {0}",
    "worldedit.biomeinfo.selection": "Biomas en tu selección: {0}",
    "worldedit.brush.radius-too-large": "Radio máximo permitido a la brocha: {0}",
    "worldedit.brush.apply.description": "Aplicar a brocha, aplica una función a cada bloque",
    "worldedit.brush.apply.radius": "El tamaño de la brocha",
    "worldedit.brush.apply.shape": "La forma de la región",
    "worldedit.brush.apply.type": "Tipo de brocha a usar",
    "worldedit.brush.apply.item.warning": "Este pincel simula usos de objetos. Es posible que sus efectos no funcionen en todas las plataformas, que no se puedan deshacer y que provoquen interacciones extrañas con otros mods/complementos. Úselo bajo su propio riesgo.",
    "worldedit.brush.paint.description": "Brocha, aplicar una función a una superficie",
    "worldedit.brush.paint.size": "El tamaño de la brocha",
    "worldedit.brush.paint.shape": "La forma de la región",
    "worldedit.brush.paint.density": "La densidad de la brocha",
    "worldedit.brush.paint.type": "Tipo de brocha a usar",
    "worldedit.brush.paint.item.warning": "Este pincel simula usos de objetos. Es posible que sus efectos no funcionen en todas las plataformas, que no se puedan deshacer y que provoquen interacciones extrañas con otros mods/complementos. Úselo bajo su propio riesgo.",
    "worldedit.brush.sphere.equip": "Equipada brocha de perfil Esférica ({0}).",
    "worldedit.brush.cylinder.equip": "Equipado brocha de perfil Cilíndrica ({0} por {1}).",
    "worldedit.brush.clipboard.equip": "Equipada perfil de brocha de Portapapeles.",
    "worldedit.brush.smooth.equip": "Brocha suave equipada ({0} x {1}x usado {2}).",
    "worldedit.brush.extinguish.equip": "Extintor Equipado ({0}).",
    "worldedit.brush.gravity.equip": "Brocha de Gravedad Equipada ({0}).",
    "worldedit.brush.butcher.equip": "Brocha de carnicero Equipado ({0}).",
    "worldedit.brush.operation.equip": "Establecida brocha a {0}.",
    "worldedit.brush.heightmap.equip": "Brocha de Mapa de alturas Equipada ({0}).",
    "worldedit.brush.heightmap.unknown": "Brocha de Mapa de altura desconocido: {0}.",
    "worldedit.brush.none.equip": "Brocha desenlazada de su objeto actual.",
    "worldedit.setbiome.changed": "Los biomas fueron cambiados en aproximadamente {0} bloque(s).",
    "worldedit.setbiome.warning": "Puede que tengas que reabrir el juego (o cerrar y volver a abrir tu mundo) para ver los cambios.",
    "worldedit.drawsel.disabled": "Deshabilitado CUI del servidor.",
    "worldedit.drawsel.enabled": "Habilitado CUI de servidor. Esto solo admite regiones cuboides, con un tamaño máximo de 32x32x32.",
    "worldedit.drawsel.disabled.already": "Ya esta deshabilitado el CUI del servidor.",
    "worldedit.drawsel.enabled.already": "Ya esta habilitado el CUI del servidor.",
    "worldedit.limit.too-high": "Su límite máximo permitido es {0}.",
    "worldedit.limit.set": "Límite de cambio de bloque establecido en {0}.",
    "worldedit.limit.return-to-default": "(Utilice \"//limit\" para volver al valor predeterminado).",
    "worldedit.timeout.too-high": "Su tiempo de espera máximo permitido es {0} ms.",
    "worldedit.timeout.set": "Tiempo de espera establecido en {0}ms.",
    "worldedit.timeout.return-to-default": " (Utilice \"//timeout\" para volver al valor predeterminado).",
    "worldedit.fast.disabled": "Modo rápido desactivado.",
    "worldedit.fast.enabled": "Modo rápido habilitado. La iluminación en los chunks afectados puede ser incorrecta y/o es posible que deba volver a unirse para ver los cambios.",
    "worldedit.fast.disabled.already": "Ya esta desactivado el modo rápido.",
    "worldedit.fast.enabled.already": "Ya esta activado el modo rápido.",
    "worldedit.perf.sideeffect.set": "Efecto secundario \"{0}\" establecido en {1}",
    "worldedit.perf.sideeffect.get": "El efecto secundario \"{0}\" se establece en {1}",
    "worldedit.perf.sideeffect.already-set": "El efecto secundario \"{0}\" ya es {1}",
    "worldedit.perf.sideeffect.set-all": "Todos los efectos secundarios configurados en {0}",
    "worldedit.reorder.current": "El modo reordenar es {0}",
    "worldedit.reorder.set": "El modo reordenar ahora es {0}",
    "worldedit.gmask.disabled": "Máscara global desactivada.",
    "worldedit.gmask.set": "Máscara global establecida.",
    "worldedit.toggleplace.pos1": "Colocado ahora en la posición #1.",
    "worldedit.toggleplace.player": "Ahora colóquese en el bloque en el que estás.",
    "worldedit.searchitem.too-short": "Ingrese una cadena de búsqueda más larga (longitud > 2).",
    "worldedit.searchitem.either-b-or-i": "No puede usar los indicadores 'b' e 'i' simultáneamente.",
    "worldedit.searchitem.searching": "(Espere... buscando objeto(s).)",
    "worldedit.watchdog.no-hook": "Esta plataforma no tiene ningún gancho guardian.",
    "worldedit.watchdog.active.already": "El gancho guardian ya está activo.",
    "worldedit.watchdog.inactive.already": "El gancho guardián ya esta inactivo.",
    "worldedit.watchdog.active": "El gancho guardián ahora está activo.",
    "worldedit.watchdog.inactive": "El gancho guardian ahora esta inactivo.",
    "worldedit.world.remove": "Se elimino la invalidación del mundo.",
    "worldedit.world.set": "Establezca la invalidación del mundo en {0}. (Use '//world' para volver a los valores por defecto)",
    "worldedit.undo.undone": "Se deshizo {0} edicion(es) disponible(s).",
    "worldedit.undo.none": "No queda nada para deshacer.",
    "worldedit.redo.redone": "Se rehizo {0} edicion(es) disponible(s).",
    "worldedit.redo.none": "No queda nada para rehacer.",
    "worldedit.clearhistory.cleared": "Historial borrado.",
    "worldedit.raytrace.noblock": "¡No hay bloque a la vista!",
    "worldedit.restore.not-configured": "Snapshot/copia(s) de seguridad no esta configurada.",
    "worldedit.restore.not-available": "Esa copia de seguridad no existe o no está disponible.",
    "worldedit.restore.failed": "Falló al cargar la copia de seguridad: {0}",
    "worldedit.restore.loaded": "Copia de seguridad '{0}' cargada; ahora restaurando...",
    "worldedit.restore.restored": "Restaurado; {0} chunks faltantes y otros {1} errores.",
    "worldedit.restore.none-for-specific-world": "No fueron encontradas copias de seguridad para el mundo '{0}'.",
    "worldedit.restore.none-for-world": "No fueron encontradas copias de seguridad para este mundo.",
    "worldedit.restore.none-found": "No se encontraron copias de seguridad.",
    "worldedit.restore.none-found-console": "No se encontraron copias de seguridad. Consulte la consola para más detalles.",
    "worldedit.restore.chunk-not-present": "Los chunks no estaban presentes en la copia de seguridad.",
    "worldedit.restore.chunk-load-failed": "No se pudieron cargar chunks. (¿Archivo corrupto?)",
    "worldedit.restore.block-place-failed": "Los errores impidieron restaurar los bloques.",
    "worldedit.restore.block-place-error": "Último error: {0}",
    "worldedit.snapshot.use.newest": "Ahora usando la copia de seguridad más reciente.",
    "worldedit.snapshot.use": "Copia de seguridad establecida en: {0}",
    "worldedit.snapshot.none-before": "No se pudo encontrar una copia de seguridad antes de {0}.",
    "worldedit.snapshot.none-after": "No se pudo encontrar una copia de seguridad después de {0}.",
    "worldedit.snapshot.index-above-0": "Índice invalido, debe ser mayor o igual a 1.",
    "worldedit.snapshot.index-oob": "Índice invalido, debe estar entre 1 y {0}.",
    "worldedit.schematic.unknown-format": "Formato de Esquema desconocido: {0}.",
    "worldedit.schematic.load.does-not-exist": "¡El esquema {0} no existe!",
    "worldedit.schematic.load.loading": "(Espere... cargando esquema.)",
    "worldedit.schematic.load.still-loading": "(Por favor espere... aun se está cargando el esquema.)",
    "worldedit.schematic.save.already-exists": "Ese esquema ya existe. Use el indicador -f para sobrescribirlo.",
    "worldedit.schematic.save.failed-directory": "¡No se pudo crear la carpeta para los esquemas!",
    "worldedit.schematic.save.saving": "(Espere... guardando el esquema.)",
    "worldedit.schematic.save.still-saving": "(Por favor... aun se esta guardando el esquema.)",
    "worldedit.schematic.delete.does-not-exist": "¡El esquema {0} no existe!",
    "worldedit.schematic.delete.failed": "¡Error al eliminar '{0}'!. ¿Es de solo lectura?.",
    "worldedit.schematic.delete.deleted": "{0} ha sido eliminado(a).",
    "worldedit.schematic.formats.title": "Formatos de portapapeles disponibles (Nombre: nombres de búsqueda)",
    "worldedit.schematic.unsupported-minecraft-version": "Esta versión de WorldEdit no es compatible con su versión de Minecraft. Los esquemas no funcionarán hasta que esto se resuelva.",
    "worldedit.pos.already-set": "Posición ya establecida.",
    "worldedit.pos.console-require-coords": "Debe proporcionar las coordenadas por la consola.",
    "worldedit.hpos.no-block": "¡No hay bloque a la vista!",
    "worldedit.hpos.already-set": "Posición ya establecida.",
    "worldedit.chunk.selected-multiple": "Chunks seleccionados: ({0}, {1}, {2}) - ({3}, {4}, {5})",
    "worldedit.chunk.selected": "Chunk seleccionado: {0}, {1}, {2}",
    "worldedit.wand.invalid": "La herramienta de selección esta mal configurada o inhabilitada.",
    "worldedit.wand.selwand.info": "Click izquierdo: seleccione posición #1; Click derecho: seleccione posicion #2",
    "worldedit.wand.navwand.info": "Click izquierdo: saltar a la ubicación; Click derecho: atravesar paredes",
    "worldedit.wand.selwand.now.tool": "La herramienta de selección ahora es una herramienta normal. Puede inhabilitarlo con {0} y volver a vincularlo a cualquier elemento con {1} u obtener una nueva herramienta con {2}.",
    "worldedit.contract.contracted": "{0} bloque(s) contradado(s) por la region.",
    "worldedit.shift.shifted": "Region desplazada.",
    "worldedit.inset.inset": "Region insertada.",
    "worldedit.size.type": "Tipo: {0}",
    "worldedit.size.size": "Tamaño: {0}",
    "worldedit.select.cleared": "Selección borrada.",
    "worldedit.select.cyl.description": "Seleccione un cilindro",
    "worldedit.select.convex.limit-message": "{0} puntos máximos.",
    "worldedit.chunkinfo.chunk": "Chunk: {0}, {1}",
    "worldedit.chunkinfo.old-filename": "Formato antiguo: {0}",
    "worldedit.fill.created": "{0} bloques han sido reemplazados.",
    "worldedit.fillr.created": "{0} bloques han sido reemplazados.",
    "worldedit.fixlava.fixed": "{0} bloques han sido arreglados.",
    "worldedit.fixwater.fixed": "{0} bloques han sido arreglados.",
    "worldedit.removeabove.removed": "{0} bloques han sido eliminados.",
    "worldedit.removebelow.removed": "{0} bloques han sido eliminados.",
    "worldedit.removenear.removed": "{0} bloques han sido eliminados.",
    "worldedit.replacenear.replaced": "{0} bloques han sido reemplazados.",
    "worldedit.paste.pasted": "El portapapeles ha sido pegado en {0}",
    "worldedit.paste.selected": "Región seleccionada para pegar del portapapeles.",
    "worldedit.set.done": "Operación completada.",
    "worldedit.set.done.verbose": "Operación completada ({0}).",
    "worldedit.line.changed": "{0} bloques han cambiado.",
    "worldedit.curve.changed": "{0} bloques han cambiado.",
    "worldedit.replace.replaced": "{0} bloques han sido reemplazados.",
    "worldedit.regen.regenerated": "Region regenerada.",
    "worldedit.walls.changed": "{0} bloques han cambiado.",
    "worldedit.faces.changed": "{0} bloques han cambiado.",
    "worldedit.move.moved": "{0} bloques movidos.",
    "worldedit.deform.deformed": "{0} bloques han sido deformados.",
    "worldedit.hollow.changed": "{0} bloques han cambiado.",
    "worldedit.forest.created": "{0} árboles creados.",
    "worldedit.flora.created": "{0} flora creada.",
    "worldedit.unstuck.moved": "¡Aquí tienes!",
    "worldedit.ceil.moved": "¡Woosh!",
    "worldedit.thru.moved": "¡Woosh!",
    "worldedit.jumpto.moved": "¡Puf!",
    "worldedit.up.moved": "¡Woosh!",
    "worldedit.forestgen.created": "{0} árboles creados.",
    "worldedit.reload.config": "¡Configuración reiniciada!",
    "worldedit.report.written": "Informe de WorldEdit escrito a {0}",
    "worldedit.report.error": "No se puedo escribir el informe: {0}",
    "worldedit.report.callback": "Informe de WorldEdit: {0}.report",
    "worldedit.timezone.invalid": "Zona horaria inválida",
    "worldedit.timezone.set": "Zona horaria para esta sesión establecida a: {0}",
    "worldedit.timezone.current": "La hora actual en esa zona horaria es: {0}",
    "worldedit.version.version": "WorldEdit versión {0}",
    "worldedit.version.bukkit.unsupported-adapter": "Esta versión de WorldEdit no soporta tu versión de Bukkit. Los objetos como cofres estarán vacíos, las propiedades de los bloques como la rotación se perderá y otras cosas pueden no funcionar. Actualiza WorldEdit para arreglar estas funcionalidades: {0}",
    "worldedit.command.permissions": "No tienes permiso para hacer eso. ¿Estás en el modo correcto?",
    "worldedit.command.player-only": "Este comando debe ser utilizado por un jugador.",
    "worldedit.command.error.report": "Por favor reporta este error: [Ver consola]",
    "worldedit.pastebin.uploading": "(Por favor espere... enviando a pastebin...)",
    "worldedit.session.cant-find-session": "No se puede encontrar la sesión para {0}",
    "worldedit.tool.max-block-changes": "Límite máximo de bloques alcanzado.",
    "worldedit.tool.no-block": "¡No hay bloque a la vista!",
    "worldedit.tool.repl.switched": "Herramienta de reemplazar cambiada a: {0}",
    "worldedit.tool.data-cycler.new-value": "El valor de {0} es ahora {1}.",
    "worldedit.tool.deltree.not-tree": "Eso no es un árbol.",
    "worldedit.tool.deltree.not-floating": "Eso no es un árbol flotante.",
    "worldedit.tool.tree.equip": "Herramienta de árbol vinculada a {0}.",
    "worldedit.tool.tree.obstructed": "Un árbol no puede ir allí.",
    "worldedit.tool.info.equip": " Herramienta de información vinculada a {0}.",
    "worldedit.tool.info.blockstate.hover": "Estado del bloque",
    "worldedit.tool.info.internalid.hover": "ID interna",
    "worldedit.tool.none.equip": "Herramienta desvinculada de tu objeto actual.",
    "worldedit.tool.selwand.equip": "Varita de selección vinculada a {0}.",
    "worldedit.tool.navwand.equip": "Varita de navegación vinculada a {0}.",
    "worldedit.script.read-error": "Error al leer el script: {0}",
    "worldedit.script.unsupported": "Solo los script .js están soportados",
    "worldedit.script.failed": "Fallo al ejecutar: {0}",
    "worldedit.operation.affected.biome": "{0} biomas afectados",
    "worldedit.operation.affected.block": "{0} bloques afectados",
    "worldedit.operation.affected.column": "{0} columnas afectadas",
    "worldedit.operation.affected.entity": "{0} entidades afectadas",
    "worldedit.operation.deform.expression": "deformado usando {0}",
    "worldedit.error.invalid-number.matches": "Número esperado; texto \"{0}\" dado.",
    "worldedit.error.incomplete-region": "Haz una selección de región primero.",
    "worldedit.error.unknown-block": "El bloque '{0}' es desconocido.",
    "worldedit.error.unknown-entity": "La entidad '{0}' es desconocida.",
    "worldedit.error.unknown-mob": "El mob '{0}' es desconocido.",
    "worldedit.error.unknown-biome": "El bioma '{0}' es desconocido.",
    "worldedit.error.unknown-direction": "Dirección desconocida: {0}",
    "worldedit.error.file-aborted": "Selección de archivo abortada.",
    "worldedit.error.no-file-selected": "Ningún archivo seleccionado.",
    "worldedit.error.world-unloaded": "El mundo ya está descargado.",
    "worldedit.error.not-a-block": "Este ítem no es un bloque.",
    "worldedit.error.not-a-block.item": "El ítem '{0}' no es un bloque.",
    "worldedit.error.incorrect-usage": "Uso: {0}",
    "worldedit.error.invalid-page": "Número de página inválido",
    "worldedit.error.parser.duplicate-property": "Propiedad duplicada: {0}",
    "worldedit.error.parser.missing-equals-separator": "Falta el separador '='",
    "worldedit.error.parser.invalid-expression": "Expresión inválida: {0}",
    "worldedit.error.parser.negate-nothing": "¡No se puede negar la nada!",
    "worldedit.error.parser.player-only": "¡La entrada '{0}' requiere un jugador!",
    "worldedit.error.unknown": "Se ha producido un error desconocido: {0}",
    "worldedit.selection.convex.info.vertices": "Vertices: {0}",
    "worldedit.selection.convex.info.triangles": "Triángulos: {0}",
    "worldedit.selection.cuboid.info.pos1": "Posición 1: {0}",
    "worldedit.selection.cuboid.info.pos2": "Posición 2: {0}",
    "worldedit.selection.cuboid.explain.primary": "Primera posición establecida a {0}.",
    "worldedit.selection.cuboid.explain.primary-area": "Primera posición establecida a {0} ({1}).",
    "worldedit.selection.cuboid.explain.secondary": "Segunda posición establecida a {0}.",
    "worldedit.selection.cuboid.explain.secondary-area": "Segunda posición establecida a {0} ({1}).",
    "worldedit.selection.extend.explain.primary": "Selección comenzada en {0} ({1}).",
    "worldedit.selection.extend.explain.secondary": "Selección extendida para incluir {0} ({1}).",
    "worldedit.selection.ellipsoid.info.center": "Centro: {0}",
    "worldedit.selection.ellipsoid.info.radius": "Radio X/Y/Z: {0}",
    "worldedit.selection.ellipsoid.explain.primary": "Posición central establecida a {0}.",
    "worldedit.selection.ellipsoid.explain.primary-area": "Posición central establecida a {0} ({1}).",
    "worldedit.selection.ellipsoid.explain.secondary": "Radio establecido a {0}.",
    "worldedit.selection.ellipsoid.explain.secondary-area": "Radio establecido a {0} ({1}).",
    "worldedit.selection.cylinder.info.center": "Centro: {0}",
    "worldedit.selection.cylinder.info.radius": "Radio: {0}",
    "worldedit.selection.cylinder.explain.primary": "Iniciando una nueva selección cilíndrica en {0}.",
    "worldedit.selection.cylinder.explain.secondary": "Radio establecido a {0}/{1} bloques. ({2})",
    "worldedit.selection.cylinder.explain.secondary-missing": "Tienes que seleccionar el punto central antes de establecer el radio.",
    "worldedit.selection.polygon2d.info": "Número de puntos: {0}",
    "worldedit.selection.polygon2d.explain.primary": "Iniciando un nuevo polígono en {0}.",
    "worldedit.selection.polygon2d.explain.secondary": "Añadido punto número #{0} en {1}.",
    "worldedit.selection.polygon2d.error.expand-only-vertical": "Los polígonos sólo se pueden expandir verticalmente.",
    "worldedit.selection.polygon2d.error.contract-only-vertical": "Los polígonos sólo se pueden encoger verticalmente.",
    "worldedit.selection.sphere.explain.secondary": "Radio establecido a {0}.",
    "worldedit.selection.sphere.explain.secondary-defined": "Radio establecido a {0} ({1}).",
    "worldedit.sideeffect.lighting": "Iluminación",
    "worldedit.sideeffect.neighbors": "Vecinos",
    "worldedit.sideeffect.update": "Actualización",
    "worldedit.sideeffect.validation": "Validación",
    "worldedit.sideeffect.entity_ai": "IA de entidades",
    "worldedit.sideeffect.events.description": "Indica a otros mods/plugins sobre estos cambios cuando sea aplicable",
    "worldedit.sideeffect.state.on": "Activado",
    "worldedit.sideeffect.state.off": "Desactivado",
    "worldedit.sideeffect.box.current": "Actual",
    "worldedit.cli.stopping": "¡Deteniendo!",
    "worldedit.cli.unknown-command": "¡Comando desconocido!"
}
