{
    "worldedit.expand.description.vert": "Mở rộng khu lựa chọn theo chiều dọc tới giới hạn của thế giới.",
    "worldedit.expand.expanded": "Khu vực đã mở rộng {0} block",
    "worldedit.expand.expanded.vert": "Khu vực đẫ mở rộng {0} block (từ trên xuống).",
    "worldedit.biomeinfo.lineofsight": "Quần xã tại điểm ngắm: {0}",
    "worldedit.biomeinfo.position": "Các quần xã tại vị trí của bạn: {0}",
    "worldedit.biomeinfo.selection": "Các quần xã tại vị trí đã chọn: {0}",
    "worldedit.brush.radius-too-large": "Bán kính cọ tối đa: {0}",
    "worldedit.brush.apply.description": "Áp dụng cọ, áp dụng chức năng vào mỗi block",
    "worldedit.brush.apply.radius": "Kích thước của cọ",
    "worldedit.brush.apply.shape": "Hình dạng của khu vực",
    "worldedit.brush.apply.type": "Kiểu chổi để dùng",
    "worldedit.brush.apply.item.warning": "Cọ này mô phỏng cho việc sử dụng vật phẩm. Tác dụng của nó có thể không hoạt động trên tất cả các nền tảng, có thể cũng không thể hoàn tác được, và có thể gây ra các tương tác kỳ lạ với các mod/plugin khác. Cẩn trọng khi sử dụng.",
    "worldedit.brush.paint.description": "Cọ vẽ, áp dụng cho chức năng với một bề mặt",
    "worldedit.brush.paint.size": "Kích thước của cọ",
    "worldedit.brush.paint.shape": "Hình dạng của khu vực",
    "worldedit.brush.paint.density": "Sự dày đặc của cọ",
    "worldedit.brush.paint.type": "Kiểu chổi để dùng",
    "worldedit.brush.paint.item.warning": "Cọ này mô phỏng cho việc sử dụng vật phẩm. Tác dụng của nó có thể không hoạt động trên tất cả các nền tảng, có thể cũng không thể hoàn tác được, và có thể gây ra các tương tác kỳ lạ với các mod/plugin khác. Cẩn trọng khi sử dụng.",
    "worldedit.brush.sphere.equip": "Cọ vẽ hình dạng quả cầu đã mặc ({0}).",
    "worldedit.brush.cylinder.equip": "Cọ vẽ hình dạng khối trụ đã mặc ({0} by {1}).",
    "worldedit.brush.clipboard.equip": "Cọ vẽ dạng clipboard đã mặc.",
    "worldedit.brush.smooth.equip": "Cọ vẽ làm trơn tru đã mặc ({0} x {1}x đang sử dụng {2}).",
    "worldedit.brush.extinguish.equip": "Thiết bị chữa cháy đã mặc ({0}).",
    "worldedit.brush.gravity.equip": "Cọ vẽ trọng lực đã mặc ({0}).",
    "worldedit.brush.butcher.equip": "Cọ vẽ butcher đã mặc ({0}).",
    "worldedit.brush.operation.equip": "Đã đặt cọ vẽ {0}.",
    "worldedit.brush.heightmap.equip": "Cọ vẽ kiểu bản đồ chiều cao đã mặc ({0}).",
    "worldedit.brush.heightmap.unknown": "Cọ vẽ heightmap không xác định: {0}.",
    "worldedit.brush.none.equip": "Cọ vẽ đã tháo ra khỏi vật phẩm của bạn đang cầm.",
    "worldedit.setbiome.changed": "Quần xã đã được thay đổi với xấp xỉ khoảng {0} blocks.",
    "worldedit.setbiome.warning": "Bạn có thể thoát ra vào lại game (hoặc đóng và mở lại thế giới của bạn) để xem sự thay đổi.",
    "worldedit.drawsel.disabled": "Server CUI đã tắt.",
    "worldedit.drawsel.enabled": "Server CUI đã bật. Chỉ hỗ trợ cho những vùng dạng cuboid, với kích thước tối đa là 32x32x32.",
    "worldedit.drawsel.disabled.already": "Server CUI đã tắt sẵn rồi.",
    "worldedit.drawsel.enabled.already": "Server CUI đã bật sẵn rồi.",
    "worldedit.limit.too-high": "Tối đa giới hạn cho phép của bạn là {0}.",
    "worldedit.limit.set": "Giới hạn thay đổi block đã đặt đến {0}.",
    "worldedit.limit.return-to-default": "(Sử dụng //limit để quay lại ban đầu.)",
    "worldedit.timeout.too-high": "Thời gian chờ tối đa cho phép của bạn là {0}ms.",
    "worldedit.timeout.set": "Thời gian chờ đã đặt đến {0}ms.",
    "worldedit.timeout.return-to-default": " (Sử dụng //timeout để quay lại ban đầu.)",
    "worldedit.fast.disabled": "Đã bật chế độ nhanh.",
    "worldedit.fast.enabled": "Đã bật chế độ nhanh. Ánh sáng ở chunk bị ảnh hưởng có thể bị sai và/hoặc bạn cần phải đăng nhập lại để xem sự thay đổi.",
    "worldedit.fast.disabled.already": "Chế độ nhanh đã bị tắt rồi.",
    "worldedit.fast.enabled.already": "Chế độ nhanh đã bật rồi.",
    "worldedit.perf.sideeffect.set": "Tác dụng phụ \"{0}\" đã đặt đến {1}",
    "worldedit.perf.sideeffect.get": "Tác dụng phụ \"{0}\" đã được đặt đến {1}",
    "worldedit.perf.sideeffect.already-set": "Tác dụng phụ \"{0}\" đã đặt đến {1} rồi",
    "worldedit.perf.sideeffect.set-all": "Tất cả tác dụng phụ đã đặt tới {0}",
    "worldedit.reorder.current": "Chế độ sắp xếp lại là {0}",
    "worldedit.reorder.set": "Chế độ sắp xếp bây giờ là {0}",
    "worldedit.gmask.disabled": "Mask tổng quát đã tắt.",
    "worldedit.gmask.set": "Mask tổng quát đã đặt.",
    "worldedit.toggleplace.pos1": "Đang đặt tại vị trí số 1.",
    "worldedit.toggleplace.player": "Đang đặt tại block mà bạn đứng.",
    "worldedit.toggleplace.not-locatable": "Không thể chuyển đổi cách đặt trong ngữ cảnh này.",
    "worldedit.searchitem.searching": "(Vui lòng chờ... đang tìm vật phẩm.)",
    "worldedit.world.remove": "Đã xóa ghi đè thế giới.",
    "worldedit.world.set": "Đã đặt ghi đè thế giới đến {0}. (Sử dụng //world để quay lại ban đầu)",
    "worldedit.undo.undone": "Đã hoàn tác {0} những sửa đổi hiện có.",
    "worldedit.wand.selwand.info": "Chuột trái: để chọn vị trí số 1; Chuột phải: để chọn vị trí số 2",
    "worldedit.operation.deform.expression": "đã bị biến dạng bởi {0}"
}
