{
    "worldedit.expand.description.vert": "Elérted a világhatárt",
    "worldedit.expand.expanded": "A régió kibővített {0} blokkokat",
    "worldedit.expand.expanded.vert": "A régió kibővített {0} blokkokat (top-to-bottom).",
    "worldedit.biomeinfo.lineofsight": "Biomák a látópontnál: {0}",
    "worldedit.biomeinfo.position": "Biomák a látópontnál: {0}",
    "worldedit.biomeinfo.selection": "A választott biomák: {0}",
    "worldedit.brush.radius-too-large": "A megengedett legnagyobb kijelölés: {0}",
    "worldedit.brush.apply.description": "Ecsettel felhordja a függvényt minden blokkra",
    "worldedit.brush.apply.radius": "A kefe mérete",
    "worldedit.brush.apply.shape": "A régió alakja",
    "worldedit.brush.apply.type": "Type of brush to use",
    "worldedit.brush.apply.item.warning": "Ez az ecset szimulálja a cikk használatát. Előfordulhat, hogy annak hatása nem működik minden platformon, nem működik vissza, és furcsa interakciókat okozhat más modokkal / pluginekkel. Használat csak saját felelősségre.",
    "worldedit.brush.paint.description": "Paint brush, apply a function to a surface",
    "worldedit.brush.paint.size": "A kefe mérete",
    "worldedit.brush.paint.shape": "A régió alakja",
    "worldedit.brush.paint.density": "The density of the brush",
    "worldedit.brush.paint.type": "A kefe típusa",
    "worldedit.brush.paint.item.warning": "Ez az ecset szimulálja a cikk használatát. Előfordulhat, hogy annak hatása nem működik minden platformon, nem működik vissza, és furcsa interakciókat okozhat más modokkal / pluginekkel. Használat csak saját felelősségre.",
    "worldedit.brush.sphere.equip": "A gömbkefe alakja felszerelt ({0}).",
    "worldedit.brush.cylinder.equip": "A hengerkefe alakja felszerelt ({0} készítette: {1}).",
    "worldedit.brush.clipboard.equip": "Clipboard brush shape equipped.",
    "worldedit.brush.smooth.equip": "Sima ecsettel felszerelt ({0} x {1} x a {2} használatával).",
    "worldedit.brush.extinguish.equip": "Tűzoltó készülék felszerelve ({0}).",
    "worldedit.brush.gravity.equip": "Gravity brush equipped ({0}).",
    "worldedit.brush.butcher.equip": "Butcher brush equipped ({0}).",
    "worldedit.brush.operation.equip": "Set brush to {0}.",
    "worldedit.brush.none.equip": "Ecsettel nincs kötve az aktuális elemtől.",
    "worldedit.drawsel.disabled": "Server CUI disabled.",
    "worldedit.drawsel.enabled": "A kiszolgáló CUI engedélyezve. Ez csak a négyszögletes régiókat támogatja, maximális mérete 32x32x32.",
    "worldedit.drawsel.disabled.already": "A kiszolgáló CUI már le van tiltva.",
    "worldedit.drawsel.enabled.already": "Server CUI already enabled.",
    "worldedit.limit.too-high": "Your maximum allowable limit is {0}.",
    "worldedit.limit.set": "Block change limit set to {0}.",
    "worldedit.limit.return-to-default": "(Use //limit to go back to the default.)",
    "worldedit.timeout.too-high": "Your maximum allowable timeout is {0}ms.",
    "worldedit.timeout.set": "Timeout time set to {0}ms.",
    "worldedit.timeout.return-to-default": " (Use //timeout to go back to the default.)",
    "worldedit.fast.disabled": "Fast mode disabled.",
    "worldedit.fast.enabled": "A gyors mód engedélyezve. Lehet, hogy az érintett darabok világítása nem megfelelő, és / vagy a változások megtekintéséhez újra csatlakoznia kell.",
    "worldedit.fast.disabled.already": "A gyors mód már le van tiltva.",
    "worldedit.fast.enabled.already": "Fast mode already enabled.",
    "worldedit.reorder.current": "The reorder mode is {0}",
    "worldedit.reorder.set": "The reorder mode is now {0}",
    "worldedit.gmask.disabled": "Global mask disabled.",
    "worldedit.gmask.set": "Globális maszk készlet.",
    "worldedit.toggleplace.pos1": "Most az 1. pozíción helyezzük el.",
    "worldedit.toggleplace.player": "Most azt a blokkot helyezem, amelyben állsz.",
    "worldedit.searchitem.too-short": "Írjon be hosszabb keresési karakterláncot (len> 2).",
    "worldedit.searchitem.either-b-or-i": "Nem használhatja egyszerre a „b” és az „i” zászlókat.",
    "worldedit.searchitem.searching": "(Kérjük, várjon ... elemek keresése.)",
    "worldedit.watchdog.no-hook": "Ezen a platformon nincs figyelőhorog.",
    "worldedit.watchdog.active.already": "Az őrzőhorog már aktív.",
    "worldedit.watchdog.inactive.already": "Az őrzőhorog már inaktív.",
    "worldedit.watchdog.active": "Az őrző kampó aktív.",
    "worldedit.watchdog.inactive": "Az őrző kampó inaktív.",
    "worldedit.world.remove": "Eltávolított világ-felülbírálás.",
    "worldedit.world.set": "Állítsa a világ felülbírálását {0} értékre. (A // világ használatával térjen vissza az alapértelmezéshez)",
    "worldedit.undo.undone": "{0} elérhető szerkesztés visszavonva.",
    "worldedit.undo.none": "Nincs semmi visszavonás.",
    "worldedit.redo.redone": "Redid {0} elérhető szerkesztés.",
    "worldedit.redo.none": "Nincs semmi, amit újra tudnánk tenni.",
    "worldedit.clearhistory.cleared": "Az előzmények törlődtek.",
    "worldedit.raytrace.noblock": "Nincs látvány!",
    "worldedit.restore.not-configured": "A pillanatkép / biztonsági mentés visszaállítása nincs konfigurálva.",
    "worldedit.restore.not-available": "Ez a pillanatkép nem létezik, vagy nem érhető el.",
    "worldedit.restore.failed": "A pillanatkép betöltése nem sikerült: {0}",
    "worldedit.restore.loaded": "Pillanatkép betöltve '{0}'; most visszaáll ...",
    "worldedit.restore.restored": "helyreállt; {0} hiányzó darabok és {1} egyéb hibák.",
    "worldedit.restore.none-for-specific-world": "Nem található pillanatképek a (z) '{0}' világról.",
    "worldedit.restore.none-for-world": "Nem található pillanatképek erről a világról.",
    "worldedit.restore.none-found": "Nem található pillanatképek.",
    "worldedit.restore.none-found-console": "Nem található pillanatképek. A részleteket lásd a konzolon.",
    "worldedit.restore.chunk-not-present": "Darabok nem voltak jelen pillanatképben.",
    "worldedit.restore.chunk-load-failed": "Nem lehetett betölteni. (Rossz archívum?)",
    "worldedit.restore.block-place-failed": "A hibák megakadályozták a blokkok helyreállítását.",
    "worldedit.restore.block-place-error": "Utolsó hiba: {0}",
    "worldedit.snapshot.use.newest": "Most a legújabb pillanatfelvételt használom.",
    "worldedit.snapshot.use": "A pillanatfelvétel beállítása: {0}",
    "worldedit.snapshot.none-before": "Nem található pillanatkép a (z) {0} előtt.",
    "worldedit.snapshot.none-after": "Nem található pillanatkép a (z) {0} után.",
    "worldedit.snapshot.index-above-0": "Érvénytelen indexnek legalább 1-nek kell lennie.",
    "worldedit.snapshot.index-oob": "Érvénytelen indexnek 1 és {0} között kell lennie.",
    "worldedit.schematic.unknown-format": "Ismeretlen vázlatformátum: {0}.",
    "worldedit.schematic.load.does-not-exist": "A(z) {0} vázlat nem létezik!",
    "worldedit.schematic.load.loading": "(Kérlek várj... vázlatok betöltése.)",
    "worldedit.schematic.save.failed-directory": "Vázlatok mappájának létrehozása sikertelen volt.",
    "worldedit.schematic.save.saving": "(Kérlek várj... vázlatok mentése.)",
    "worldedit.schematic.delete.does-not-exist": "A(z) {0} vázlat nem létezik!",
    "worldedit.schematic.delete.deleted": "{0} törölve lett.",
    "worldedit.pos.already-set": "A pozíció már be van állítva.",
    "worldedit.hpos.no-block": "Nincs látvány!",
    "worldedit.hpos.already-set": "A pozíció már be van állítva.",
    "worldedit.shift.shifted": "Régió eltolva.",
    "worldedit.size.size": "Méret: {0}",
    "worldedit.size.distance": "Téglatest távolsága: {0}",
    "worldedit.count.counted": "Megszámlálva: {0}",
    "worldedit.distr.no-blocks": "Egy blokk sem lett megszámlálva.",
    "worldedit.distr.total": "Teljes blokkszám: {0}",
    "worldedit.select.cleared": "Kijelölés törölve.",
    "worldedit.select.ellipsoid.description": "Ellipszis kiválasztása",
    "worldedit.select.sphere.description": "Gömb kiválasztása",
    "worldedit.chunkinfo.old-filename": "Régi formátum: {0}",
    "worldedit.chunkinfo.mcregion-filename": "McRegion: region/{0}",
    "worldedit.listchunks.listfor": "Darabok listázása a következő számára: {0}",
    "worldedit.drain.drained": "{0} blokk leürítve.",
    "worldedit.fill.created": "{0} blokk kitöltésre került.",
    "worldedit.fillr.created": "{0} blokk kitöltésre került.",
    "worldedit.fixlava.fixed": "A (z) {0} blokkok javítva vannak.",
    "worldedit.fixwater.fixed": "A (z) {0} blokkok javítva vannak.",
    "worldedit.removeabove.removed": "{0} blokk eltávolítva.",
    "worldedit.removebelow.removed": "A (z) {0} blokkok eltávolítva.",
    "worldedit.removenear.removed": "A (z) {0} blokkok eltávolítva.",
    "worldedit.replacenear.replaced": "A (z) {0} blokkok lecserélődtek.",
    "worldedit.snow.created": "A {0} felületeket lefedték.",
    "worldedit.thaw.removed": "{0} blokk kiolvasztva.",
    "worldedit.green.changed": "{0} blokk füvesítve.",
    "worldedit.extinguish.removed": "{0} tűz eloltva.",
    "worldedit.butcher.killed": "{0} mob megölve {1} blokk hatókörben.",
    "worldedit.rotate.rotated": "A vágólapon lévő másolat el lett fordítva.",
    "worldedit.flip.flipped": "A vágólapon lévő másolat meg lett fordítva.",
    "worldedit.clearclipboard.cleared": "Vágólap törölve.",
    "worldedit.set.done": "A Művelet végrehajtva.",
    "worldedit.set.done.verbose": "A Művelet végrehajtva ({0}).",
    "worldedit.line.changed": "{0} blokk megváltoztatva.",
    "worldedit.curve.changed": "{0} blokk megváltoztatva.",
    "worldedit.replace.replaced": "A (z) {0} blokkok lecserélődtek.",
    "worldedit.regen.regenerated": "Régió újragenerálva.",
    "worldedit.walls.changed": "{0} blokk megváltoztatva.",
    "worldedit.faces.changed": "{0} blokk megváltoztatva.",
    "worldedit.move.moved": "{0} blokk elmozdítva.",
    "worldedit.deform.deformed": "{0} blokk deformálva.",
    "worldedit.hollow.changed": "{0} blokk megváltoztatva.",
    "worldedit.unstuck.moved": "Tessék!",
    "worldedit.ceil.moved": "Huss!",
    "worldedit.thru.moved": "Huss!",
    "worldedit.jumpto.moved": "Puff!",
    "worldedit.up.moved": "Huss!",
    "worldedit.forestgen.created": "{0} fa létrehozva.",
    "worldedit.reload.config": "Konfiguráció újratöltve!",
    "worldedit.timezone.invalid": "Érvénytelen időzóna",
    "worldedit.session.cant-find-session": "Nem sikerült munkamenetet találni a(z) {0}-hoz",
    "worldedit.tool.no-block": "Nincs látvány!",
    "worldedit.tool.deltree.not-tree": "Ez nem egy fa.",
    "worldedit.tool.deltree.not-floating": "Ez nem egy lebegő fa.",
    "worldedit.tool.error.cannot-bind": "Nem lehet az eszközt rögzíteni {0}-hez: {1}",
    "worldedit.tool.error.item-only": "Blokkok nem használhatóak.",
    "worldedit.error.no-file-selected": "Nincs fájl kiválasztva.",
    "worldedit.cli.stopping": "Leállás!"
}
