{
  "selections": {
    "mode": "SIMPLE"
  },
  "placements": {
    "placements": [
      {
        "schematic": "C:\\Users\\gmanka\\AppData\\Roaming\\.minecraft\\schematics\\mechanic\\world eater\\20,2.litematic",
        "name": "Unnamed",
        "origin": [
          -20,
          136,
          -305
        ],
        "rotation": "NONE",
        "mirror": "NONE",
        "ignore_entities": false,
        "enabled": true,
        "enable_render": true,
        "render_enclosing_box": false,
        "locked": false,
        "locked_coords": 0,
        "bb_color": 16738304,
        "verifier_type": "all",
        "placements": [
          {
            "name": "Unnamed",
            "placement": {
              "pos": [
                0,
                0,
                0
              ],
              "name": "Unnamed",
              "rotation": "NONE",
              "mirror": "NONE",
              "locked_coords": 0,
              "enabled": true,
              "rendering_enabled": true,
              "ignore_entities": false
            }
          }
        ]
      }
    ],
    "selected": 0,
    "origin_selected": true
  },
  "schematic_projects_manager": {},
  "operation_mode": "AREA_SELECTION",
  "render_range": {
    "mode": "ALL",
    "axis": "Y",
    "layer_single": 0,
    "layer_above": 0,
    "layer_below": 0,
    "layer_range_min": 0,
    "layer_range_max": 0,
    "hotkey_range_min": false,
    "hotkey_range_max": false
  },
  "area_simple": {
    "name": "Unnamed",
    "current": "Unnamed",
    "boxes": [
      {
        "pos1": [
          -21,
          97,
          -308
        ],
        "pos2": [
          119,
          132,
          -170
        ],
        "name": "Unnamed"
      }
    ]
  },
  "tool_mode_data": {
    "delete": {
      "use_placement": false
    }
  }
}